x0000,y0000,x0001,y0001
0,0.3694962561,0,-0.09096798301,
1,0.3704748452,1,-0.09365352988,
2,0.3685177267,2,-0.09682735801,
3,0.3670499027,3,-0.09926876426,
4,0.3680284321,4,-0.1009777486,
5,0.3680284321,5,-0.1039074361,
6,0.3663159311,6,-0.1068371236,
7,0.3646034896,7,-0.1092785299,
8,0.3658266962,8,-0.1112316549,
9,0.3653374016,9,-0.1139172018,
10,0.3646034896,10,-0.1168468893,
11,0.3624017537,11,-0.1197765768,
12,0.3636249006,12,-0.1214855611,
13,0.3631356657,13,-0.1244152486,
14,0.3619124591,14,-0.1271007955,
15,0.3601999581,15,-0.1292980611,
16,0.3606892526,16,-0.1312511861,
17,0.3599553406,17,-0.1346691549,
18,0.3584875166,18,-0.1371105611,
19,0.3562857211,19,-0.139796108,
20,0.3572643101,20,-0.141749233,
21,0.3575089276,21,-0.1441906393,
22,0.3562857211,22,-0.1466320455,
23,0.3538393676,23,-0.149561733,
24,0.3540839851,24,-0.151514858,
25,0.3540839851,25,-0.1537121236,
26,0.3526161611,26,-0.1566418111,
27,0.3506590426,27,-0.159327358,
28,0.3513929546,28,-0.161280483,
29,0.3513929546,29,-0.1637218893,
30,0.3491912186,30,-0.1664074361,
31,0.3472341001,31,-0.169092983,
32,0.3484573066,32,-0.1708019674,
33,0.3474787176,33,-0.1737316549,
34,0.3455215991,34,-0.1761730611,
35,0.3433198631,35,-0.1786144674,
36,0.3442984521,36,-0.1805675924,
37,0.3435644805,37,-0.1830089986,
38,0.3440537751,38,-0.1839855611,
39,0.3391610086,39,-0.188624233,
40,0.340139538,40,-0.190577358,
41,0.3398949206,41,-0.1930187643,
42,0.3372038901,42,-0.1961925924,
43,0.3352467716,43,-0.198389858,
44,0.3362253606,44,-0.200342983,
45,0.335491389,45,-0.2027843893,
46,0.3325557411,46,-0.206202358,
47,0.3305986226,47,-0.2079113424,
48,0.3315772116,48,-0.2096203268,
49,0.33084324,49,-0.2123058736,
50,0.3279075921,50,-0.2154797018,
51,0.3264397681,51,-0.2174328268,
52,0.3274182975,52,-0.2193859518,
53,0.3261951506,53,-0.2213390768,
54,0.3259504735,54,-0.2240246236,
55,0.3210577071,55,-0.2267101705,
56,0.3222809136,56,-0.2284191549,
57,0.3215470016,57,-0.2313488424,
58,0.3183666766,58,-0.2337902486,
59,0.3159202635,59,-0.2357433736,
60,0.31714347,60,-0.2376964986,
61,0.3151863515,61,-0.2408703268,
62,0.3129846156,62,-0.243311733,
63,0.3115167916,63,-0.2450207174,
64,0.3120060265,64,-0.2469738424,
65,0.3105382025,65,-0.2501476705,
66,0.3080917895,66,-0.2525890768,
67,0.3061347306,67,-0.2540539205,
68,0.305400759,68,-0.2567394674,
69,0.3051561415,69,-0.2586925924,
70,0.3029544055,70,-0.2616222799,
71,0.300018698,71,-0.2633312643,
72,0.300263375,72,-0.2652843893,
73,0.298550874,73,-0.2679699361,
74,0.2958598435,74,-0.2704113424,
75,0.293902725,75,-0.2721203268,
76,0.294147402,76,-0.2743175924,
77,0.2929241955,77,-0.276514858,
78,0.289988488,78,-0.2787121236,
79,0.2882760465,79,-0.280421108,
80,0.2882760465,80,-0.2831066549,
81,0.286318928,81,-0.2853039205,
82,0.283138603,82,-0.2872570455,
83,0.2826493084,83,-0.2884777486,
84,0.2819153965,84,-0.2911632955,
85,0.280202955,85,-0.2936047018,
86,0.2780011594,86,-0.2962902486,
87,0.275554806,87,-0.2977550924,
88,0.2753101289,88,-0.2989757955,
89,0.2735976875,89,-0.301905483,
90,0.2706619799,90,-0.3036144674,
91,0.2691941559,91,-0.3053234518,
92,0.2689495385,92,-0.3080089986,
93,0.2667478025,93,-0.3099621236,
94,0.2635674775,94,-0.3121593893,
95,0.2620996535,95,-0.3138683736,
96,0.2620996535,96,-0.315577358,
97,0.2596532404,97,-0.3177746236,
98,0.2569622099,98,-0.3199718893,
99,0.2550050914,99,-0.321436733,
100,0.2542711794,100,-0.3236339986,
101,0.2525586784,101,-0.325342983,
102,0.2498676479,102,-0.3285168111,
103,0.2479105294,103,-0.3290050924,
104,0.2474212945,104,-0.3309582174,
105,0.2454641759,105,-0.3329113424,
106,0.2420392334,106,-0.3348644674,
107,0.2405714095,107,-0.3363293111,
108,0.2395928204,108,-0.3385265768,
109,0.2376357019,109,-0.3402355611,
110,0.2342107594,110,-0.3421886861,
111,0.2332322299,111,-0.3436535299,
112,0.2322536409,112,-0.3451183736,
113,0.2300519049,113,-0.3473156393,
114,0.2276054919,114,-0.3482922018,
115,0.2254037559,115,-0.3502453268,
116,0.2239359319,116,-0.3521984518,
117,0.2214895189,117,-0.3543957174,
118,0.2183091938,118,-0.3568371236,
119,0.2175752819,119,-0.3573254049,
120,0.2173306644,120,-0.358546108,
121,0.2148842514,121,-0.360499233,
122,0.2117039263,122,-0.3619640768,
123,0.2102361023,123,-0.3636730611,
124,0.2087682784,124,-0.3656261861,
125,0.2068111598,125,-0.3675793111,
126,0.2031415999,126,-0.3688000143,
127,0.2019183934,127,-0.370264858,
128,0.1999612749,128,-0.3717297018,
129,0.1987380683,129,-0.3731945455,
130,0.1977595389,130,-0.3729504049,
131,0.1933560073,131,-0.3758800924,
132,0.1916435063,132,-0.378077358,
133,0.1899310648,133,-0.3792980611,
134,0.1865061224,134,-0.3812511861,
135,0.1850382388,135,-0.3817394674,
136,0.1833257973,136,-0.3836925924,
137,0.1808793843,137,-0.3851574361,
138,0.1803901494,138,-0.3841808736,
139,0.1759866178,139,-0.387842983,
140,0.1745187938,140,-0.3893078268,
141,0.1728062928,141,-0.3910168111,
142,0.1693813503,142,-0.3922375143,
143,0.1669349372,143,-0.3934582174,
144,0.1659564078,144,-0.3944347799,
145,0.1637546718,145,-0.3961437643,
146,0.1625314653,146,-0.3968761861,
147,0.1581279337,147,-0.3985851705,
148,0.1566601098,148,-0.399561733,
149,0.1551922858,149,-0.4010265768,
150,0.1512780488,150,-0.4020031393,
151,0.1498102248,151,-0.4024914205,
152,0.1480977237,152,-0.4042004049,
153,0.1456513703,153,-0.405421108,
154,0.1449174583,154,-0.4063976705,
155,0.1407585442,155,-0.4076183736,
156,0.1385568082,156,-0.4088390768,
157,0.1370889843,157,-0.4103039205,
158,0.1336640418,158,-0.4107922018,
159,0.1312176287,159,-0.4117687643,
160,0.1302390993,160,-0.4134777486,
161,0.1275480688,161,-0.4144543111,
162,0.1255909503,162,-0.4159191549,
163,0.1219213307,163,-0.4156750143,
164,0.1209428012,164,-0.4168957174,
165,0.1177624762,165,-0.4186047018,
166,0.1136036217,166,-0.4195812643,
167,0.1126250327,167,-0.4198254049,
168,0.1111572087,168,-0.4208019674,
169,0.1084661782,169,-0.4225109518,
170,0.1069983542,170,-0.4237316549,
171,0.1030841172,171,-0.4232433736,
172,0.1018609107,172,-0.4242199361,
173,0.09892526269,173,-0.4261730611,
174,0.09745743871,174,-0.4244640768,
175,0.09403243661,175,-0.426905483,
176,0.09231999516,176,-0.4273937643,
177,0.08913967013,177,-0.428858608,
178,0.08693793416,178,-0.4303234518,
179,0.08424690366,179,-0.4295910299,
180,0.08253440261,180,-0.4305675924,
181,0.08008804917,181,-0.4315441549,
182,0.07568451762,182,-0.4320324361,
183,0.0744613111,183,-0.4320324361,
184,0.07299348712,184,-0.4330089986,
185,0.07030245662,185,-0.4342297018,
186,0.06712213159,186,-0.4361828268,
187,0.06467577815,187,-0.434717983,
188,0.06320789456,188,-0.4356945455,
189,0.0602722466,189,-0.436671108,
190,0.05978295207,190,-0.4352062643,
191,0.05464556813,191,-0.4369152486,
192,0.05317768455,192,-0.4381359518,
193,0.05024203658,193,-0.4391125143,
194,0.04706171155,194,-0.4403332174,
195,0.04534927011,195,-0.4391125143,
196,0.04339215159,196,-0.4398449361,
197,0.04094573855,197,-0.4408214986,
198,0.0372761786,198,-0.4400890768,
199,0.03556367755,199,-0.4400890768,
200,0.0338511765,200,-0.4413097799,
201,0.03067091107,201,-0.4420422018,
202,0.02749058604,202,-0.4430187643,
203,0.02577808499,203,-0.4415539205,
204,0.02333173156,204,-0.442530483,
205,0.02015140653,205,-0.4435070455,
206,0.01941749454,206,-0.4432629049,
207,0.0162371695,207,-0.4422863424,
208,0.01379075646,208,-0.4437511861,
209,0.01061049104,209,-0.4439953268,
210,0.006940871477,210,-0.4447277486,
211,0.005717694759,211,-0.4432629049,
212,0.003760576248,212,-0.4439953268,
213,0.001069545746,213,-0.4442394674,
214,-0.002355396748,214,-0.4439953268,
215,-0.004312515259,215,-0.4439953268,
216,-0.006024986506,216,-0.4449718893,
217,-0.009449958801,217,-0.4449718893,
218,-0.01287490129,218,-0.4449718893,
219,-0.01360881329,219,-0.4437511861,
220,-0.01581057906,220,-0.444483608,
221,-0.01948016882,221,-0.4452160299,
222,-0.02119264007,222,-0.4454601705,
223,-0.02388367057,223,-0.4439953268,
224,-0.02681931853,224,-0.444483608,
225,-0.0297549963,225,-0.444483608,
226,-0.03269067407,226,-0.444483608,
227,-0.03391388059,227,-0.4435070455,
228,-0.03660491109,228,-0.4439953268,
229,-0.03905129433,229,-0.4437511861,
230,-0.04198697209,230,-0.442530483,
231,-0.04418870807,231,-0.442530483,
232,-0.04639047384,232,-0.4430187643,
233,-0.04908150434,233,-0.4430187643,
234,-0.05250644684,234,-0.4430187643,
235,-0.05397430062,235,-0.4420422018,
236,-0.05666533113,236,-0.4422863424,
237,-0.05911171436,237,-0.4420422018,
238,-0.06253665686,238,-0.4427746236,
239,-0.06327056885,239,-0.4403332174,
240,-0.06596159935,240,-0.4403332174,
241,-0.06938657165,241,-0.4403332174,
242,-0.07207760215,242,-0.4398449361,
243,-0.07330077887,243,-0.4383800924,
244,-0.0764811039,244,-0.438624233,
245,-0.07941678166,245,-0.438624233,
246,-0.0818631649,246,-0.4374035299,
247,-0.08406493068,247,-0.4369152486,
248,-0.08577740192,248,-0.436671108,
249,-0.08871307969,249,-0.436671108,
250,-0.09140411019,250,-0.4354504049,
251,-0.09360584617,251,-0.4349621236,
252,-0.09556296468,252,-0.434717983,
253,-0.09874325991,253,-0.4339855611,
254,-0.1021682322,254,-0.4344738424,
255,-0.1029021442,255,-0.4322765768,
256,-0.105837822,256,-0.4322765768,
257,-0.1085288525,257,-0.4313000143,
258,-0.111219883,258,-0.4305675924,
259,-0.1126877069,259,-0.4295910299,
260,-0.1148894727,260,-0.428858608,
261,-0.1178251505,261,-0.4281261861,
262,-0.1207607985,262,-0.4271496236,
263,-0.1224732697,263,-0.4266613424,
264,-0.1249196827,264,-0.4261730611,
265,-0.127366066,265,-0.4251964986,
266,-0.1298124492,266,-0.4237316549,
267,-0.1317695677,267,-0.4232433736,
268,-0.1347052455,268,-0.422999233,
269,-0.1369070113,269,-0.4217785299,
270,-0.1398426592,270,-0.4215343893,
271,-0.141310513,271,-0.4200695455,
272,-0.1432676315,272,-0.4186047018,
273,-0.1464479268,273,-0.4181164205,
274,-0.1493836045,274,-0.417139858,
275,-0.1510960758,275,-0.4156750143,
276,-0.153542459,276,-0.415186733,
277,-0.1559888721,277,-0.4144543111,
278,-0.1579459906,278,-0.4122570455,
279,-0.1599030793,279,-0.411280483,
280,-0.1618601978,280,-0.4103039205,
281,-0.1650405228,281,-0.4098156393,
282,-0.1669976413,282,-0.4081066549,
283,-0.1694440246,283,-0.4071300924,
284,-0.1718904078,284,-0.4063976705,
285,-0.173602879,285,-0.4051769674,
286,-0.1767832041,286,-0.4042004049,
287,-0.1780063808,287,-0.4024914205,
288,-0.1806974411,288,-0.4012707174,
289,-0.1828991771,289,-0.4000500143,
290,-0.1853455603,290,-0.3988293111,
291,-0.1873026788,291,-0.3973644674,
292,-0.1897490919,292,-0.3966320455,
293,-0.1926847398,293,-0.3954113424,
294,-0.1948865056,294,-0.393702358,
295,-0.1961097121,295,-0.3919933736,
296,-0.1990453601,296,-0.3912609518,
297,-0.2010024786,297,-0.3900402486,
298,-0.2034488916,298,-0.3883312643,
299,-0.2049167156,299,-0.3863781393,
300,-0.2073630989,300,-0.3849132955,
301,-0.2102987766,301,-0.383936733,
302,-0.2132344544,302,-0.3824718893,
303,-0.2139683664,303,-0.3805187643,
304,-0.2169040442,304,-0.3797863424,
305,-0.2191057801,305,-0.378077358,
306,-0.2215521932,306,-0.3766125143,
307,-0.2227753699,307,-0.374171108,
308,-0.2254664004,308,-0.3734386861,
309,-0.2279128134,309,-0.3717297018,
310,-0.2293806374,310,-0.3695324361,
311,-0.2310931087,311,-0.3678234518,
312,-0.2340287864,312,-0.3666027486,
313,-0.2369644642,313,-0.3658703268,
314,-0.2389215827,314,-0.3639172018,
315,-0.2401447594,315,-0.3619640768,
316,-0.2428358048,316,-0.3607433736,
317,-0.2450375557,317,-0.3590343893,
318,-0.2469946593,318,-0.3570812643,
319,-0.2489517778,319,-0.3556164205,
320,-0.2516428232,320,-0.3541515768,
321,-0.2538445592,321,-0.3519543111,
322,-0.2555570602,322,-0.3500011861,
323,-0.2570248842,323,-0.3482922018,
324,-0.2599605322,324,-0.3470714986,
325,-0.2616730332,325,-0.3453625143,
326,-0.2636301517,326,-0.3426769674,
327,-0.2650979757,327,-0.340967983,
328,-0.2670550942,328,-0.3392589986,
329,-0.2695014775,329,-0.3375500143,
330,-0.2712139487,330,-0.3355968893,
331,-0.2729264498,331,-0.333155483,
332,-0.2748835385,332,-0.331202358,
333,-0.277574569,333,-0.3299816549,
334,-0.2787977755,334,-0.3277843893,
335,-0.2812441587,335,-0.3260754049,
336,-0.2824673653,336,-0.3238781393,
337,-0.2849137485,337,-0.3219250143,
338,-0.2863816023,338,-0.3197277486,
339,-0.2878494263,339,-0.3170422018,
340,-0.2900511622,340,-0.3158214986,
341,-0.2927421927,341,-0.3143566549,
342,-0.2937207818,342,-0.3119152486,
343,-0.2949439585,343,-0.3089855611,
344,-0.297634989,344,-0.307764858,
345,-0.2998367548,345,-0.3060558736,
346,-0.3010599613,346,-0.3033703268,
347,-0.3027724028,347,-0.3009289205,
348,-0.3047295213,348,-0.2992199361,
349,-0.307665199,349,-0.297999233,
350,-0.3086437583,350,-0.2953136861,
351,-0.3098669648,351,-0.2923839986,
352,-0.3115794361,352,-0.2904308736,
353,-0.3137812018,353,-0.2887218893,
354,-0.3152490258,354,-0.2865246236,
355,-0.3164722323,355,-0.2835949361,
356,-0.3186739683,356,-0.2821300924,
357,-0.3198971748,357,-0.2794445455,
358,-0.3211203814,358,-0.2767589986,
359,-0.3228328228,359,-0.2748058736,
360,-0.3247899413,360,-0.272608608,
361,-0.3267470598,361,-0.2711437643,
362,-0.3279702663,362,-0.2682140768,
363,-0.3294380903,363,-0.2657726705,
364,-0.3311505914,364,-0.2635754049,
365,-0.3335969448,365,-0.2623547018,
366,-0.3343308866,366,-0.258936733,
367,-0.3360433578,367,-0.2567394674,
368,-0.3380004764,368,-0.2547863424,
369,-0.3394683003,369,-0.2525890768,
370,-0.3404468596,370,-0.2499035299,
371,-0.3421593308,371,-0.2469738424,
372,-0.3433825374,372,-0.245264858,
373,-0.3433825374,373,-0.2411144674,
374,-0.3455842733,374,-0.2398937643,
375,-0.3475413918,375,-0.237452358,
376,-0.3492538929,376,-0.235499233,
377,-0.3512110114,377,-0.2337902486,
378,-0.3517002761,378,-0.2306164205,
379,-0.3534127474,379,-0.2279308736,
380,-0.3556144834,380,-0.2259777486,
381,-0.3565930724,381,-0.223780483,
382,-0.3570823371,382,-0.2208507955,
383,-0.3580608964,383,-0.217921108,
384,-0.3605072796,384,-0.215967983,
385,-0.3614858389,385,-0.2135265768,
386,-0.3617304862,386,-0.2105968893,
387,-0.3636875749,387,-0.2079113424,
388,-0.3649107814,388,-0.2054699361,
389,-0.3666232824,389,-0.2027843893,
390,-0.3666232824,390,-0.200342983,
391,-0.3678464592,391,-0.1976574361,
392,-0.3698035777,392,-0.1954601705,
393,-0.3712714016,393,-0.1937511861,
394,-0.3715160489,394,-0.190577358,
395,-0.3727392554,395,-0.1874035299,
396,-0.3746963739,396,-0.1856945455,
397,-0.3751856387,397,-0.1830089986,
398,-0.3761641979,398,-0.1805675924,
399,-0.3773874044,399,-0.1771496236,
400,-0.3790998757,400,-0.1751964986,
401,-0.3790998757,401,-0.1727550924,
402,-0.3803230524,402,-0.1703136861,
403,-0.3810569644,403,-0.1668957174,
404,-0.3827694654,404,-0.1649425924,
405,-0.3844819367,405,-0.1625011861,
406,-0.3837480247,406,-0.1598156393,
407,-0.3849712014,407,-0.1568859518,
408,-0.3866837025,408,-0.1546886861,
409,-0.3876622319,409,-0.1524914205,
410,-0.3881515265,410,-0.1498058736,
411,-0.3883961439,411,-0.1466320455,
412,-0.3903532624,412,-0.1444347799,
413,-0.390842557,413,-0.1422375143,
414,-0.3913318217,414,-0.1393078268,
415,-0.3923103809,415,-0.1366222799,
416,-0.3932889402,416,-0.1341808736,
417,-0.3935335875,417,-0.1314953268,
418,-0.3945121467,418,-0.1288097799,
419,-0.395490706,419,-0.1256359518,
420,-0.3967139125,420,-0.1234386861,
421,-0.3981817365,421,-0.1217297018,
422,-0.3969585299,422,-0.1180675924,
423,-0.3972031772,423,-0.1146496236,
424,-0.399404943,424,-0.112452358,
425,-0.400138855,425,-0.110499233,
426,-0.3998942077,426,-0.1075695455,
427,-0.4006281197,427,-0.1048839986,
428,-0.401606679,428,-0.1019543111,
429,-0.4020959735,429,-0.09951290488,
430,-0.4020959735,430,-0.09633907676,
431,-0.4035637975,431,-0.09316524863,
432,-0.4040530622,432,-0.09096798301,
433,-0.4040530622,433,-0.08877071738,
434,-0.4038084149,434,-0.08535274863,
435,-0.4052762687,435,-0.08291134238,
436,-0.405520916,436,-0.07973751426,
437,-0.4079672992,437,-0.07924923301,
438,-0.4060101807,438,-0.07509884238,
439,-0.4067441225,439,-0.07192501426,
440,-0.4079672992,440,-0.06948360801,
441,-0.407722652,441,-0.06679806113,
442,-0.4082119465,442,-0.06411251426,
443,-0.4089458585,443,-0.06118282676,
444,-0.4091905057,444,-0.05825313926,
445,-0.4096797705,445,-0.05630001426,
446,-0.4089458585,446,-0.05312618613,
447,-0.4096797705,447,-0.04995235801,
448,-0.4106583297,448,-0.04751095176,
449,-0.4099244177,449,-0.04409298301,
450,-0.4099244177,450,-0.04189571738,
451,-0.410169065,451,-0.03847774863,
452,-0.4113922417,452,-0.03579220176,
453,-0.412370801,453,-0.03408321738,
454,-0.4113922417,454,-0.03115352988,
455,-0.410902977,455,-0.02749142051,
456,-0.4121261835,456,-0.02505001426,
457,-0.4106583297,457,-0.02187618613,
458,-0.4111475945,458,-0.01967892051,
459,-0.411636889,459,-0.01626095176,
460,-0.4126154482,460,-0.01406368613,
461,-0.4121261835,461,-0.01211056113,
462,-0.4118815362,462,-0.008936733007,
463,-0.4121261835,463,-0.005030483007,
464,-0.4126154482,464,-0.002833217382,
465,-0.4106583297,465,0.002049595118,
466,-0.4121261835,466,0.002293735743,
467,-0.4118815362,467,0.005955845118,
468,-0.4118815362,468,0.008885532618,
469,-0.4121261835,469,0.009862095118,
470,-0.4113922417,470,0.01376834512,
471,-0.410902977,471,0.01694217324,
472,-0.4118815362,472,0.01962772012,
473,-0.4104136825,473,0.02402225137,
474,-0.410902977,474,0.02475467324,
475,-0.410902977,475,0.02792850137,
476,-0.4111475945,476,0.03085818887,
477,-0.4106583297,477,0.03256717324,
478,-0.410169065,478,0.03549686074,
479,-0.4104136825,479,0.03915897012,
480,-0.4104136825,480,0.04160037637,
481,-0.409435153,481,0.04550662637,
482,-0.4089458585,482,0.04672732949,
483,-0.4089458585,483,0.05014529824,
484,-0.4089458585,484,0.05307498574,
485,-0.4087012112,485,0.05356326699,
486,-0.4074780345,486,0.05771365762,
487,-0.4074780345,487,0.06137576699,
488,-0.4074780345,488,0.06381717324,
489,-0.406254828,489,0.06772342324,
490,-0.4060101807,490,0.06918826699,
491,-0.4064994752,491,0.07236209512,
492,-0.4057655334,492,0.07504764199,
493,-0.4042977095,493,0.07700076699,
494,-0.4042977095,494,0.07993045449,
495,-0.4042977095,495,0.08310428262,
496,-0.4040530622,496,0.08578982949,
497,-0.4038084149,497,0.08920779824,
498,-0.401606679,498,0.09091678262,
499,-0.401606679,499,0.09433475137,
500,-0.4018513262,500,0.09628787637,
501,-0.4011173844,501,0.09750857949,
502,-0.399404943,502,0.1016589701,
503,-0.3986710012,503,0.1050769389,
504,-0.3989156485,504,0.1072742045,
505,-0.3991602957,505,0.1099597514,
506,-0.3959799707,506,0.112157017,
507,-0.396224618,507,0.1158191264,
508,-0.3959799707,508,0.1182605326,
509,-0.3925550282,509,0.1224109232,
510,-0.3940228522,510,0.1236316264,
511,-0.3932889402,511,0.1265613139,
512,-0.3932889402,512,0.1282702982,
513,-0.3932889402,513,0.1311999857,
514,-0.3910871744,514,0.1333972514,
515,-0.3905979097,515,0.1370593607,
516,-0.3898639977,516,0.1392566264,
517,-0.3888854384,517,0.1402331889,
518,-0.3869283199,518,0.1443835795,
519,-0.3869283199,519,0.1478015482,
520,-0.3861944079,520,0.1499988139,
521,-0.3861944079,521,0.1521960795,
522,-0.3837480247,522,0.155125767,
523,-0.3835033774,523,0.1580554545,
524,-0.3832587302,524,0.1602527201,
525,-0.3798337877,525,0.164891392,
526,-0.3798337877,526,0.1651355326,
527,-0.3788552284,527,0.1680652201,
528,-0.3781213164,528,0.1705066264,
529,-0.3781213164,529,0.1724597514,
530,-0.3749409914,530,0.1753894389,
531,-0.3746963739,531,0.1790515482,
532,-0.3742070794,532,0.180516392,
533,-0.3732285202,533,0.1817370951,
534,-0.3715160489,534,0.1858874857,
535,-0.3698035777,535,0.1888171732,
536,-0.3690696657,536,0.1910144389,
537,-0.3695589304,537,0.1929675639,
538,-0.3666232824,538,0.1956531107,
539,-0.3658893406,539,0.1988269389,
540,-0.3649107814,540,0.2007800639,
541,-0.3631983101,541,0.2049304545,
542,-0.3617304862,542,0.2056628764,
543,-0.3614858389,543,0.2085925639,
544,-0.3600180149,544,0.2105456889,
545,-0.3597733676,545,0.2115222514,
546,-0.3565930724,546,0.215672642,
547,-0.3553698659,547,0.2183581889,
548,-0.3546359539,548,0.2203113139,
549,-0.3534127474,549,0.2210437357,
550,-0.3514556289,550,0.2251941264,
551,-0.3509663343,551,0.2281238139,
552,-0.3492538929,552,0.2300769389,
553,-0.3492538929,553,0.2308093607,
554,-0.3460735679,554,0.2347156107,
555,-0.3450950086,555,0.237157017,
556,-0.3431378901,556,0.2395984232,
557,-0.3424039781,557,0.2422839701,
558,-0.3402022123,558,0.2437488139,
559,-0.3394683003,559,0.2466785014,
560,-0.3382450938,560,0.2483874857,
561,-0.3370219171,561,0.2493640482,
562,-0.3345755339,562,0.2530261576,
563,-0.3338416219,563,0.2557117045,
564,-0.3321291208,564,0.2579089701,
565,-0.3306612968,565,0.2581531107,
566,-0.3284595609,566,0.2618152201,
567,-0.3267470598,567,0.2649890482,
568,-0.3260131478,568,0.266453892,
569,-0.3240560293,569,0.2676745951,
570,-0.3225882053,570,0.2708484232,
571,-0.3211203814,571,0.2732898295,
572,-0.3196525276,572,0.2752429545,
573,-0.3186739683,573,0.2771960795,
574,-0.3162275553,574,0.2796374857,
575,-0.3147597313,575,0.2815906107,
576,-0.3128026128,576,0.2842761576,
577,-0.3118240833,577,0.2842761576,
578,-0.3096223176,578,0.287938267,
579,-0.3079098463,579,0.2906238139,
580,-0.3061973751,580,0.2925769389,
581,-0.3047295213,581,0.2925769389,
582,-0.3027724028,582,0.2967273295,
583,-0.3005706668,583,0.2984363139,
584,-0.2993474603,584,0.3003894389,
585,-0.2983689308,585,0.3008777201,
586,-0.2954332232,586,0.3042956889,
587,-0.2942100465,587,0.3067370951,
588,-0.2924975753,588,0.3082019389,
589,-0.2912743688,589,0.3099109232,
590,-0.2885833383,590,0.3118640482,
591,-0.2866262197,591,0.3147937357,
592,-0.2849137485,592,0.3157702982,
593,-0.2836905718,593,0.3169910014,
594,-0.2805102468,594,0.3196765482,
595,-0.2792870402,595,0.3223620951,
596,-0.2778192163,596,0.3238269389,
597,-0.276106745,597,0.3235827982,
598,-0.2724371552,598,0.3274890482,
599,-0.271458596,599,0.3296863139,
600,-0.2702353895,600,0.3311511576,
601,-0.2687675655,601,0.3311511576,
602,-0.266076535,602,0.3340808451,
603,-0.2638747692,603,0.3372546732,
604,-0.262162298,604,0.3382312357,
605,-0.261428386,605,0.3384753764,
606,-0.2587373555,606,0.3411609232,
607,-0.2562909722,607,0.3433581889,
608,-0.2548231184,608,0.3448230326,
609,-0.2523767352,609,0.3450671732,
610,-0.2501749992,610,0.3482410014,
611,-0.2482178658,611,0.3501941264,
612,-0.2465053946,612,0.3514148295,
613,-0.2452821881,613,0.3509265482,
614,-0.2418572456,614,0.3548327982,
615,-0.2396554947,615,0.3570300639,
616,-0.2384322882,616,0.3575183451,
617,-0.2364751697,617,0.3575183451,
618,-0.2335395217,618,0.3606921732,
619,-0.2320716679,619,0.3628894389,
620,-0.2298699319,620,0.3643542826,
621,-0.2286467254,621,0.3638660014,
622,-0.2257110476,622,0.3665515482,
623,-0.2230200171,623,0.3692370951,
624,-0.2222861052,624,0.3697253764,
625,-0.2198397219,625,0.3694812357,
626,-0.2161701322,626,0.3728992045,
627,-0.2154361904,627,0.3748523295,
628,-0.2137237191,628,0.3755847514,
629,-0.2110326886,629,0.3746081889,
630,-0.2076077461,630,0.3785144389,
631,-0.2058952749,631,0.3807117045,
632,-0.2046720684,632,0.3811999857,
633,-0.2022256851,633,0.3804675639,
634,-0.1997793019,634,0.3833972514,
635,-0.1973328888,635,0.3858386576,
636,-0.1965989769,636,0.3858386576,
637,-0.1939079463,637,0.385594517,
638,-0.1912169158,638,0.3887683451,
639,-0.1895044446,639,0.3902331889,
640,-0.1875473261,640,0.3907214701,
641,-0.1851009429,641,0.3899890482,
642,-0.1826545298,642,0.3931628764,
643,-0.1794742346,643,0.395360142,
644,-0.1787403226,644,0.3956042826,
645,-0.1760492921,645,0.3943835795,
646,-0.1733582616,646,0.3980456889,
647,-0.1711564958,647,0.3995105326,
648,-0.1696886718,648,0.3995105326,
649,-0.1677315533,649,0.3990222514,
650,-0.1645512283,650,0.4021960795,
651,-0.162838757,651,0.403172642,
652,-0.1608816385,652,0.403172642,
653,-0.15892452,653,0.403172642,
654,-0.1562334895,654,0.4056140482,
655,-0.1537871063,655,0.4075671732,
656,-0.1515853405,656,0.4075671732,
657,-0.1496282518,657,0.4065906107,
658,-0.1462032795,658,0.4102527201,
659,-0.1447354555,659,0.4112292826,
660,-0.143512249,660,0.4107410014,
661,-0.1400873065,661,0.4102527201,
662,-0.1376409233,662,0.4134265482,
663,-0.1354391575,663,0.4146472514,
664,-0.1342159808,664,0.4139148295,
665,-0.1322588623,665,0.4131824076,
666,-0.1285892725,666,0.4163562357,
667,-0.1271214187,667,0.4175769389,
668,-0.1244303882,668,0.4166003764,
669,-0.1229625642,669,0.4158679545,
670,-0.1197822392,670,0.4192859232,
671,-0.117335856,671,0.4197742045,
672,-0.1153787374,672,0.4195300639,
673,-0.1131770015,673,0.418797642,
674,-0.1102413237,674,0.4217273295,
675,-0.1080395579,675,0.4224597514,
676,-0.1060824394,676,0.4219714701,
677,-0.1038807034,677,0.4214831889,
678,-0.1007003784,678,0.424657017,
679,-0.09849864244,679,0.4251452982,
680,-0.09752008319,680,0.4244128764,
681,-0.09507369995,681,0.4236804545,
682,-0.09164872766,682,0.426610142,
683,-0.08969160914,683,0.4268542826,
684,-0.08724522591,684,0.4261218607,
685,-0.08553275466,685,0.4253894389,
686,-0.0818631649,686,0.4278308451,
687,-0.08015069366,687,0.4288074076,
688,-0.07770431042,688,0.4273425639,
689,-0.07574719191,689,0.4268542826,
690,-0.07232221961,690,0.4300281107,
691,-0.07109904289,691,0.4300281107,
692,-0.06865265965,692,0.4295398295,
693,-0.06669554114,693,0.428563267,
694,-0.06327056885,694,0.430516392,
695,-0.06131348014,695,0.4314929545,
696,-0.05862244964,696,0.4300281107,
697,-0.05690994859,697,0.4292956889,
698,-0.05372965336,698,0.4314929545,
699,-0.05177253485,699,0.4317370951,
700,-0.0500600636,700,0.4310046732,
701,-0.04687973857,701,0.430516392,
702,-0.04345479608,702,0.4327136576,
703,-0.04223161936,703,0.432469517,
704,-0.04027450085,704,0.4322253764,
705,-0.03782808781,705,0.4310046732,
706,-0.0351370573,706,0.432469517,
707,-0.0324460268,707,0.4329577982,
708,-0.02951034904,708,0.4329577982,
709,-0.02779787779,709,0.4307605326,
710,-0.02510684729,710,0.4332019389,
711,-0.02266046405,711,0.4327136576,
712,-0.02045869827,712,0.4319812357,
713,-0.01923552155,713,0.430516392,
714,-0.0155659318,714,0.4327136576,
715,-0.01336416602,715,0.432469517,
716,-0.01189634204,716,0.4314929545,
717,-0.008960664272,717,0.4307605326,
718,-0.00626963377,718,0.4319812357,
719,-0.003333956003,719,0.4322253764,
720,-0.001866132021,720,0.4310046732,
721,0.0003356337547,721,0.4302722514,
722,0.003271311522,722,0.4312488139,
723,0.005962342024,723,0.4319812357,
724,0.009876579046,724,0.4336902201,
725,0.009631901979,725,0.4295398295,
726,0.01330152154,726,0.4310046732,
727,0.01501396298,727,0.430516392,
728,0.0169710815,728,0.4290515482,
729,0.01990678906,729,0.4283191264,
730,0.02284243703,730,0.4300281107,
731,0.02577808499,731,0.4297839701,
732,0.02700129151,732,0.4280749857,
733,0.02871379256,733,0.4270984232,
734,0.03238335252,734,0.4278308451,
735,0.0345851481,735,0.4280749857,
736,0.03629758954,736,0.4261218607,
737,0.03849932551,737,0.4251452982,
738,0.04167965055,738,0.4261218607,
739,0.04412606359,739,0.4256335795,
740,0.04706171155,740,0.4268542826,
741,0.04852953553,741,0.4231921732,
742,0.05170986056,742,0.4249011576,
743,0.05366697907,743,0.4244128764,
744,0.05537948012,744,0.4217273295,
745,0.05782583356,745,0.4212390482,
746,0.06051686406,746,0.4222156107,
747,0.06271865964,747,0.4214831889,
748,0.06443110108,748,0.4197742045,
749,0.06663283706,749,0.418797642,
750,0.06981316209,750,0.4197742045,
751,0.07201495767,751,0.4192859232,
752,0.07397201657,752,0.4166003764,
753,0.07592913508,753,0.4161120951,
754,0.07910946012,754,0.4166003764,
755,0.08180049062,755,0.4166003764,
756,0.08302369714,756,0.4156238139,
757,0.08522543311,757,0.412938267,
758,0.0886503756,758,0.4141589701,
759,0.09085217118,759,0.4136706889,
760,0.09256461263,760,0.410985142,
761,0.09452173114,761,0.4095202982,
762,0.09770205617,762,0.4104968607,
763,0.09990379214,763,0.4097644389,
764,0.1011269987,764,0.407078892,
765,0.1033287346,765,0.4058581889,
766,0.1067536771,766,0.4068347514,
767,0.1094447076,767,0.4061023295,
768,0.1104232967,768,0.4036609232,
769,0.1126250327,769,0.4021960795,
770,0.1158053577,770,0.403172642,
771,0.1180070937,771,0.4026843607,
772,0.1192303002,772,0.3999988139,
773,0.1219213307,773,0.3985339701,
774,0.1255909503,774,0.399266392,
775,0.1275480688,775,0.3987781107,
776,0.1285265982,776,0.3958484232,
777,0.1304837167,777,0.3943835795,
778,0.1334193647,778,0.3951160014,
779,0.1363550723,779,0.3938952982,
780,0.1370889843,780,0.3909656107,
781,0.1390461028,781,0.3899890482,
782,0.1427156627,782,0.3904773295,
783,0.1446727812,783,0.3899890482,
784,0.1456513703,784,0.3863269389,
785,0.1480977237,785,0.3851062357,
786,0.1520119607,786,0.385594517,
787,0.1532351673,787,0.3843738139,
788,0.1537244618,788,0.3809558451,
789,0.1569047272,789,0.3799792826,
790,0.1600850523,790,0.3809558451,
791,0.1615528762,791,0.3799792826,
792,0.1637546718,792,0.3765613139,
793,0.1654671133,793,0.3753406107,
794,0.1686474383,794,0.375828892,
795,0.1706045568,795,0.3743640482,
796,0.1706045568,796,0.3711902201,
797,0.1742741168,797,0.3702136576,
798,0.1769651473,798,0.3697253764,
799,0.1786776483,799,0.3689929545,
800,0.1808793843,800,0.3667956889,
801,0.1821025908,801,0.3643542826,
802,0.1860168278,802,0.3653308451,
803,0.1874846518,803,0.3628894389,
804,0.1877293289,804,0.3594714701,
805,0.1906649768,805,0.3589831889,
806,0.1936006248,806,0.3592273295,
807,0.1950684488,807,0.3572742045,
808,0.1982487738,808,0.3558093607,
809,0.1987380683,809,0.3531238139,
810,0.2011844814,810,0.3528796732,
811,0.2031415999,811,0.350438267,
812,0.2038755119,812,0.3472644389,
813,0.2058326304,813,0.3467761576,
814,0.2095021904,814,0.346532017,
815,0.2109700143,815,0.3440906107,
816,0.2146396339,816,0.3440906107,
817,0.2148842514,817,0.3404285014,
818,0.2170859873,818,0.3396960795,
819,0.2187984884,819,0.3382312357,
820,0.2187984884,820,0.3340808451,
821,0.2217341363,821,0.3331042826,
822,0.2249144614,822,0.3335925639,
823,0.2268715799,823,0.330907017,
824,0.2302965224,824,0.3316394389,
825,0.2298072278,825,0.3267566264,
826,0.2324982584,826,0.3260242045,
827,0.2339661419,827,0.3243152201,
828,0.2347000539,828,0.3206531107,
829,0.2371464074,829,0.3199206889,
830,0.2398374379,830,0.319188267,
831,0.2417945564,831,0.3167468607,
832,0.2447302639,832,0.3167468607,
833,0.2444855869,833,0.3125964701,
834,0.2471766174,834,0.3121081889,
835,0.2483998239,835,0.3091785014,
836,0.2481552064,836,0.3057605326,
837,0.2518247664,837,0.3052722514,
838,0.254760474,838,0.3042956889,
839,0.2562282979,839,0.3023425639,
840,0.2589193285,840,0.301610142,
841,0.2591639459,841,0.2979480326,
842,0.2611210644,842,0.2964831889,
843,0.2625888884,843,0.2945300639,
844,0.26332286,844,0.2916003764,
845,0.2652799189,845,0.289891392,
846,0.2677263319,846,0.2881824076,
847,0.2691941559,847,0.2864734232,
848,0.2713959515,848,0.2845202982,
849,0.2721298635,849,0.2818347514,
850,0.2743315995,850,0.2808581889,
851,0.2753101289,851,0.2786609232,
852,0.2750655115,852,0.2745105326,
853,0.278490454,853,0.2737781107,
854,0.2811814845,854,0.2725574076,
855,0.2821600735,855,0.270360142,
856,0.283872515,856,0.2681628764,
857,0.2850957215,857,0.2657214701,
858,0.2872974575,858,0.2642566264,
859,0.287786752,859,0.2613269389,
860,0.2921902835,860,0.2620593607,
861,0.2907224,861,0.256688267,
862,0.2929241955,862,0.2554675639,
863,0.2943920195,863,0.252782017,
864,0.295370549,864,0.2500964701,
865,0.2965937555,865,0.2483874857,
866,0.2987955511,866,0.246922642,
867,0.300263375,867,0.2442370951,
868,0.2997740805,868,0.2403308451,
869,0.302465111,869,0.2395984232,
870,0.3049115241,870,0.2381335795,
871,0.3061347306,871,0.2354480326,
872,0.3068686426,872,0.2327624857,
873,0.3083364666,873,0.2305652201,
874,0.3098042905,874,0.2283679545,
875,0.3112721145,875,0.2259265482,
876,0.314697057,876,0.2259265482,
877,0.3137185276,877,0.2217761576,
878,0.3151863515,878,0.2198230326,
879,0.3159202635,879,0.217625767,
880,0.3161649406,880,0.2139636576,
881,0.318611294,881,0.2122546732,
882,0.3203237951,882,0.2103015482,
883,0.3215470016,883,0.2081042826,
884,0.320079118,884,0.203953892,
885,0.323259443,885,0.2032214701,
886,0.3249719441,886,0.2015124857,
887,0.3264397681,887,0.1990710795,
888,0.3259504735,888,0.1951648295,
889,0.3281522095,889,0.1936999857,
890,0.3298647106,890,0.1917468607,
891,0.3303540051,891,0.1893054545,
892,0.3332896531,892,0.1875964701,
893,0.3323111236,893,0.1841785014,
894,0.3340235651,894,0.1822253764,
895,0.334757477,895,0.1795398295,
896,0.3345128596,896,0.1753894389,
897,0.3367145956,897,0.174657017,
898,0.3386717141,898,0.1724597514,
899,0.3398949206,899,0.1700183451,
900,0.3381824195,900,0.1658679545,
901,0.3413627446,901,0.1646472514,
902,0.3428305686,902,0.1631824076,
903,0.3435644805,903,0.1604968607,
904,0.3430752456,904,0.1565906107,
905,0.3450323641,905,0.1556140482,
906,0.3467448056,906,0.1534167826,
907,0.3472341001,907,0.1504870951,
908,0.3487019241,908,0.1478015482,
909,0.3487019241,909,0.1456042826,
910,0.3504144251,910,0.1436511576,
911,0.3511483371,911,0.1404773295,
912,0.3501697481,912,0.1368152201,
913,0.3523715436,913,0.1348620951,
914,0.3535946906,914,0.1333972514,
915,0.3540839851,915,0.1299792826,
916,0.3531054556,916,0.1260730326,
917,0.3557964861,917,0.1250964701,
918,0.3575089276,918,0.1236316264,
919,0.3572643101,919,0.119969517,
920,0.3562857211,920,0.1165515482,
921,0.3584875166,921,0.1145984232,
922,0.3599553406,922,0.1128894389,
923,0.3604446352,923,0.110203892,
924,0.3599553406,924,0.106297642,
925,0.3609338701,925,0.1048327982,
926,0.3633802831,926,0.1026355326,
927,0.3628909886,927,0.09946170449,
928,0.3614231646,928,0.09579959512,
929,0.3636249006,929,0.09457889199,
930,0.3650927842,930,0.09213748574,
931,0.3658266962,931,0.08945193887,
932,0.3636249006,932,0.08554568887,
933,0.3660713136,933,0.08456912637,
934,0.3668052256,934,0.08188357949,
935,0.3670499027,935,0.07870975137,
936,0.3655820191,936,0.07553592324,
937,0.3680284321,937,0.07358279824,
938,0.3694962561,938,0.07162967324,
939,0.3690070212,939,0.06845584512,
940,0.3685177267,940,0.06503787637,
941,0.3702301681,941,0.06381717324,
942,0.3716980517,942,0.06088748574,
943,0.3712087572,943,0.05820193887,
944,0.3692516387,944,0.05453982949,
945,0.3716980517,945,0.05307498574,
946,0.3721872866,946,0.05038943887,
947,0.3724319637,947,0.04721561074,
948,0.3702301681,948,0.04379764199,
949,0.3736551106,949,0.04282107949,
950,0.3738997877,950,0.04037967324,
951,0.3726765811,951,0.03671756387,
952,0.3719426692,952,0.03378787637,
953,0.3743890822,953,0.03232303262,
954,0.3753676116,954,0.02963748574,
955,0.3746336997,955,0.02670779824,
956,0.3731658757,956,0.02304568887,
957,0.3751229942,957,0.02206912637,
958,0.3758569062,958,0.01889529824,
959,0.3753676116,959,0.01596561074,
960,0.3731658757,960,0.01279178262,
961,0.3758569062,961,0.01132693887,
962,0.3765908182,962,0.008641391993,
963,0.3753676116,963,0.005467563868,
964,0.3738997877,964,0.001805454493,
965,0.3761015236,965,0.0005847513676,
966,0.3768354356,966,-0.001856654882,
967,0.3758569062,967,-0.005030483007,
968,0.3746336997,968,-0.008448451757,
969,0.3761015236,969,-0.01040157676,
970,0.3768354356,970,-0.01308712363,
971,0.3758569062,971,-0.01577267051,
972,0.3746336997,972,-0.01919063926,
973,0.3765908182,973,-0.02041134238,
974,0.3765908182,974,-0.02334102988,
975,0.3758569062,975,-0.02602657676,
976,0.3743890822,976,-0.02920040488,
977,0.3763461411,977,-0.03066524863,
978,0.3761015236,978,-0.03383907676,
979,0.3748783171,979,-0.03676876426,
980,0.3736551106,980,-0.03945431113,
981,0.3756122291,981,-0.04116329551,
982,0.3756122291,982,-0.04409298301,
983,0.3746336997,983,-0.04726681113,
984,0.3729211986,984,-0.05019649863,
985,0.3746336997,985,-0.05190548301,
986,0.3753676116,986,-0.05459102988,
987,0.3738997877,987,-0.05752071738,
988,0.3724319637,988,-0.06118282676,
989,0.3741444051,989,-0.06240352988,
990,0.3743890822,990,-0.06484493613,
991,0.3724319637,991,-0.06850704551,
992,0.3714533746,992,-0.07094845176,
993,0.3731658757,993,-0.07290157676,
994,0.3724319637,994,-0.07583126426,
995,0.3716980517,995,-0.07924923301,
996,0.3694962561,996,-0.08144649863,
997,0.3719426692,997,-0.08291134238,
998,0.3707194626,998,-0.08608517051,
999,0.3697409332,999,-0.08901485801,
