x0000,y0000,x0001,y0001,x0002,y0002
0,0.0009663999081,0,0.9987077117,0,0.002258658409,
1,0.001969877398,1,0.9996923208,1,0.002277553082,
2,0.002973354887,2,0.0003869347274,2,0.00258642016,
3,0.003976752982,3,0.001365251839,3,0.002611501142,
4,0.004980151076,4,0.002813778818,4,0.002166372258,
5,0.00598354917,5,0.003576979041,5,0.002406570129,
6,0.006987026893,6,0.004310984164,6,0.002676042728,
7,0.007990424521,7,0.005384285003,7,0.002606139518,
8,0.008993902244,8,0.006786864251,8,0.002207037993,
9,0.00999722071,9,0.007461413741,9,0.002535806969,
10,0.01100069843,10,0.007923398167,10,0.003077300265,
11,0.01200433448,11,0.009462852031,11,0.002541482449,
12,0.01300789136,12,0.0106645301,12,0.002343361266,
13,0.01401144918,13,0.01160613075,13,0.002405318432,
14,0.01501500607,14,0.01329872385,14,0.001716282219,
15,0.01601872034,15,0.01340053976,15,0.002618180588,
16,0.01702251658,16,0.01436612755,16,0.002656389028,
17,0.01802631095,17,0.01544316858,17,0.00258314237,
18,0.01903002709,18,0.01722336188,18,0.001806665212,
19,0.02003382146,19,0.01729549095,19,0.002738330513,
20,0.02103769593,20,0.01844284311,20,0.00259485282,
21,0.02204173058,21,0.01915151253,21,0.002890218049,
22,0.02304560505,22,0.02003113925,22,0.003014465794,
23,0.02404947951,23,0.02143084258,23,0.002618636936,
24,0.02505351231,24,0.02249866351,24,0.00255484879,
25,0.0260575451,25,0.02314134687,25,0.002916198224,
26,0.02706149966,26,0.02376502752,26,0.003296472132,
27,0.02806537412,27,0.02522855997,27,0.00283681415,
28,0.02906924859,28,0.0262327455,28,0.002836503088,
29,0.03007320315,29,0.02718393691,29,0.002889266238,
30,0.03107715584,30,0.02786211669,30,0.003215039149,
31,0.03208103031,31,0.0291889552,31,0.002892075107,
32,0.03308474645,32,0.03025371581,32,0.002831030637,
33,0.03408854082,33,0.03087718412,33,0.003211356699,
34,0.03509233519,34,0.03191696107,34,0.00317537412,
35,0.03609605134,35,0.03317978978,35,0.002916261554,
36,0.03709976748,36,0.03417721018,36,0.002922557294,
37,0.0381032452,37,0.03490579128,37,0.003197453916,
38,0.03910672292,38,0.03584269807,38,0.003264024854,
39,0.04011027887,39,0.03728203475,39,0.00282824412,
40,0.04111367837,40,0.03806143999,40,0.003052238375,
41,0.04211707413,41,0.03905323893,41,0.003063835204,
42,0.04312039539,42,0.04005338997,42,0.003067005426,
43,0.04412371293,43,0.04127394408,43,0.002849768847,
44,0.04512703046,44,0.04203590751,44,0.003091122955,
45,0.04613035172,45,0.0428725183,45,0.003257833421,
46,0.04713366926,46,0.04395116866,46,0.003182500601,
47,0.04813698679,47,0.04506072775,47,0.003076259047,
48,0.0491402261,48,0.04601301998,48,0.003127206117,
49,0.05014354736,49,0.04684996232,49,0.003293585032,
50,0.05114686489,50,0.04803292453,50,0.003113940358,
51,0.05215018243,51,0.04911839589,51,0.003031786531,
52,0.05315350369,52,0.04978372157,52,0.00336978212,
53,0.05415682122,53,0.05064877868,53,0.003508042544,
54,0.05516022071,54,0.05191634595,54,0.003243874758,
55,0.05616361648,55,0.05317664519,55,0.002986971289,
56,0.05716701597,56,0.05395205319,56,0.00321496278,
57,0.0581703335,57,0.05462168157,57,0.003548651934,
58,0.059173733,58,0.05598410591,58,0.003189627081,
59,0.06017713249,59,0.05704791099,59,0.003129221499,
60,0.06118052825,60,0.05782809108,60,0.003352437168,
61,0.06218392774,61,0.05861120299,61,0.00357272476,
62,0.06318732351,62,0.06005915254,62,0.003128170967,
63,0.06419064105,63,0.0610159114,63,0.003174729645,
64,0.06519404054,64,0.06190469861,64,0.003289341927,
65,0.06619744003,65,0.06260412186,65,0.003593318164,
66,0.06720083952,66,0.0640264675,66,0.003174372017,
67,0.06820415705,67,0.06480553746,67,0.003398619592,
68,0.06920739263,68,0.06569391489,68,0.003513477743,
69,0.07021071017,69,0.06669520587,69,0.003515504301,
70,0.0712139532,70,0.06799354404,70,0.003220409155,
71,0.07221735269,71,0.06889323145,71,0.003324121237,
72,0.07322067022,72,0.07027970999,72,0.002940960228,
73,0.07422406971,73,0.07070325315,73,0.003520816565,
74,0.07522723079,74,0.07208582759,74,0.003141403198,
75,0.07623046637,75,0.07286634296,75,0.003364123404,
76,0.07723370939,76,0.07344401628,76,0.003789693117,
77,0.07823686302,77,0.07468888164,77,0.003547981381,
78,0.07924010605,78,0.0757252425,78,0.003514863551,
79,0.08024318516,79,0.07679557055,79,0.00344761461,
80,0.08124626428,80,0.07750374079,80,0.003742523491,
81,0.08224918693,81,0.07879835367,81,0.003450833261,
82,0.08325219154,82,0.07982560247,82,0.003426589072,
83,0.08425527066,83,0.08076301217,83,0.003492258489,
84,0.08525834978,84,0.08189724386,84,0.003361105919,
85,0.08626135439,85,0.08283936977,85,0.003421984613,
86,0.0872644335,86,0.08395309746,86,0.00331133604,
87,0.08826751262,87,0.08478594571,87,0.003481566906,
88,0.08927059174,88,0.08563444018,88,0.003636151552,
89,0.09027375281,89,0.08697538823,89,0.00329836458,
90,0.09127691388,90,0.0878880918,90,0.003388822079,
91,0.09228007495,91,0.08895626664,91,0.003323808312,
92,0.09328323603,92,0.08944478631,92,0.003838449717,
93,0.09428631514,93,0.09088425338,93,0.00340206176,
94,0.09528947622,94,0.09202088416,94,0.00326859206,
95,0.09629271179,95,0.0927438885,95,0.003548823297,
96,0.09729579091,96,0.09363858402,96,0.003657206893,
97,0.09829887748,97,0.09494021535,97,0.003358662128,
98,0.09930195659,98,0.095813483,98,0.003488473594,
99,0.1003049538,99,0.09680884331,99,0.003496110439,
100,0.1013080403,100,0.09778302163,100,0.003525018692,
101,0.1023109555,101,0.09899552912,101,0.003315426409,
102,0.1033138782,102,0.0999166742,102,0.003397203982,
103,0.1043168008,103,0.101315856,103,0.003000944853,
104,0.1053196415,104,0.1018333733,104,0.003486268222,
105,0.1063225642,105,0.1029980332,105,0.003324531019,
106,0.1073254868,106,0.1040406376,106,0.003284849226,
107,0.1083284095,107,0.1047976688,107,0.003530740738,
108,0.1093312502,108,0.1059094369,108,0.00342181325,
109,0.1103340983,109,0.1069283709,109,0.003405727446,
110,0.1113368571,110,0.1080344766,110,0.003302380443,
111,0.1123396233,111,0.1088428572,111,0.00349676609,
112,0.113342464,112,0.1099804267,112,0.003362037241,
113,0.1143451482,113,0.11117208,113,0.003173068166,
114,0.1153477505,114,0.1120940447,114,0.0032537058,
115,0.1163503528,115,0.1133550853,115,0.00299526751,
116,0.1173529625,116,0.1139634773,116,0.00338948518,
117,0.1183554828,117,0.1150540188,117,0.003301464021,
118,0.1193580851,118,0.1160113961,118,0.003346689045,
119,0.1203607693,119,0.1167910472,119,0.003569722176,
120,0.1213633791,120,0.1182560921,120,0.00310728699,
121,0.1223661378,121,0.1191929281,121,0.003173209727,
122,0.123368904,122,0.1201002598,122,0.003268644214,
123,0.1243717447,123,0.1209734976,123,0.003398247063,
124,0.1253746599,124,0.1222765744,124,0.003098085523,
125,0.1263776571,125,0.1232456267,125,0.003132030368,
126,0.1273807436,126,0.1241969913,126,0.003183752298,
127,0.1283838302,127,0.1250971407,127,0.00328668952,
128,0.1293869913,128,0.126334697,128,0.003052294254,
129,0.1303899884,129,0.1273364872,129,0.003053501248,
130,0.131393224,130,0.1283371747,130,0.003056049347,
131,0.1323963851,131,0.1291217208,131,0.003274664283,
132,0.1333996207,132,0.1303889155,132,0.003010705113,
133,0.1344027817,133,0.1312588453,133,0.003143936396,
134,0.1354060173,134,0.1322680116,134,0.003138005733,
135,0.1364091784,135,0.1332830638,135,0.003126114607,
136,0.1374124289,136,0.1345694661,136,0.002842962742,
137,0.1384155899,137,0.1355332285,137,0.002882361412,
138,0.1394189,138,0.1363844723,138,0.003034427762,
139,0.140422225,139,0.1374871135,139,0.002935111523,
140,0.1414254606,140,0.1384949684,140,0.002930492163,
141,0.1424286216,141,0.1395463943,141,0.002882227302,
142,0.1434319466,142,0.1404252946,142,0.003006651998,
143,0.1444351822,143,0.1414665133,143,0.002968668938,
144,0.1454383433,144,0.142420128,144,0.003018215299,
145,0.1464415789,145,0.1435423493,145,0.002899229527,
146,0.1474446654,146,0.1448143423,146,0.002630323172,
147,0.1484476626,147,0.1456962228,147,0.00275143981,
148,0.1494506598,148,0.1466321051,148,0.00281855464,
149,0.1504535824,149,0.1476572901,149,0.002796292305,
150,0.1514565051,150,0.1485148221,150,0.002941682935,
151,0.1524594277,151,0.1497132331,151,0.002746194601,
152,0.1534621865,152,0.1507122964,152,0.002749890089,
153,0.1544650346,153,0.1517407894,153,0.002724245191,
154,0.1554678679,154,0.1526175588,154,0.002850309014,
155,0.156470716,155,0.1539848894,155,0.002485826612,
156,0.1574735641,156,0.15486826,156,0.002605304122,
157,0.1584763229,157,0.1558551937,157,0.002621129155,
158,0.159479171,158,0.1567518115,158,0.002727359533,
159,0.1604820043,159,0.1579620391,159,0.002519965172,
160,0.1614848524,160,0.1590332389,160,0.002451613545,
161,0.1624877751,161,0.1598930508,161,0.002594724298,
162,0.1634906977,162,0.1609013379,162,0.002589359879,
163,0.1644936204,163,0.1619363576,163,0.002557262778,
164,0.1654966176,164,0.1630312651,164,0.002465352416,
165,0.1664995402,165,0.1641891897,165,0.002310350537,
166,0.1675026119,166,0.1650336385,166,0.002468973398,
167,0.1685056984,167,0.1659390479,167,0.00256665051,
168,0.1695086956,168,0.1671869308,168,0.002321764827,
169,0.1705117822,169,0.1681897789,169,0.002322003245,
170,0.1715148538,170,0.1692620367,170,0.002252817154,
171,0.1725179404,171,0.1701666862,171,0.002351254225,
172,0.173521027,172,0.171266377,172,0.002254649997,
173,0.174524188,173,0.1722569019,173,0.002267286181,
174,0.1755274236,174,0.1731660366,174,0.002361387014,
175,0.1765305847,175,0.174306199,175,0.002224385738,
176,0.1775337458,176,0.1753307283,176,0.002203017473,
177,0.1785367429,177,0.1763504446,177,0.00218629837,
178,0.179539904,178,0.1772507876,178,0.002289116383,
179,0.1805431396,179,0.1783001274,179,0.00224301219,
180,0.1815463752,180,0.1793984175,180,0.002147957683,
181,0.1825497001,181,0.1804292649,181,0.002120435238,
182,0.1835527867,182,0.1816049218,182,0.00194786489,
183,0.18455562,183,0.1824275553,183,0.002128064632,
184,0.1855587065,184,0.1834619641,184,0.002096742392,
185,0.1865617037,185,0.1844253838,185,0.002136319876,
186,0.1875648648,186,0.1855340451,186,0.002030819654,
187,0.1885677874,187,0.1866262853,187,0.001941502094,
188,0.1895707101,188,0.1876659691,188,0.00190474093,
189,0.1905737072,189,0.1886155605,189,0.001958146691,
190,0.1915767044,190,0.1896637082,190,0.001912996173,
191,0.192579478,191,0.1907071173,191,0.001872360706,
192,0.1935824007,192,0.191816479,192,0.001765921712,
193,0.1945852339,193,0.1929150224,193,0.001670211554,
194,0.1955881566,194,0.193666175,194,0.001921981573,
195,0.1965911537,195,0.1945637017,195,0.002027451992,
196,0.1975940764,196,0.1958101988,196,0.001783877611,
197,0.1985970885,197,0.1969414651,197,0.001655623317,
198,0.1996001601,198,0.1979248971,198,0.001675263047,
199,0.2006029338,199,0.1988357604,199,0.001767173409,
200,0.2016056925,200,0.2000269294,200,0.001578763127,
201,0.2026083767,201,0.2008837461,201,0.001724630594,
202,0.20361121,202,0.2018894702,202,0.001721739769,
203,0.204614222,203,0.202939719,203,0.001674503088,
204,0.2056173831,204,0.2040506005,204,0.001566782594,
205,0.2066207677,205,0.2050841898,205,0.00153657794,
206,0.2076243311,206,0.2059728503,206,0.001651480794,
207,0.2086274922,207,0.2069445103,207,0.001682981849,
208,0.2096305788,208,0.2081356347,208,0.001494944096,
209,0.2106336504,209,0.2091677487,209,0.001465901732,
210,0.2116366476,210,0.2100476027,210,0.001589044929,
211,0.2126396596,211,0.2110946178,211,0.0015450418,
212,0.2136425823,212,0.2122542709,212,0.001388311386,
213,0.214645341,213,0.2130917162,213,0.001553624868,
214,0.2156482637,214,0.2140839398,214,0.001564323902,
215,0.2166511863,215,0.2150279135,215,0.001623272896,
216,0.2176539451,216,0.2160311937,216,0.001622751355,
217,0.2186567932,217,0.2171685398,217,0.001488253474,
218,0.2196596265,218,0.218258366,218,0.001401260495,
219,0.2206624001,219,0.2192895561,219,0.001372843981,
220,0.221664995,220,0.2200712711,220,0.001593723893,
221,0.2226676792,221,0.2213237733,221,0.001343905926,
222,0.2236703634,222,0.2222190052,222,0.001451358199,
223,0.2246730477,223,0.2232539654,223,0.001419082284,
224,0.2256754935,224,0.2243915349,224,0.001283958554,
225,0.2266779393,225,0.2253478169,225,0.001330122352,
226,0.2276806235,226,0.2263079584,226,0.001372665167,
227,0.2286831439,227,0.2274243087,227,0.001258835196,
228,0.2296856791,228,0.2285362631,228,0.00114941597,
229,0.2306881249,229,0.2293867469,229,0.001301378012,
230,0.2316904813,230,0.2302535474,230,0.001436933875,
231,0.232693091,231,0.2313789725,231,0.001314118505,
232,0.2336957008,232,0.2325972766,232,0.001098424196,
233,0.2346982956,233,0.2332023084,233,0.001495987177,
234,0.2357009053,234,0.2343261242,234,0.001374781132,
235,0.2367035896,235,0.235380441,235,0.001323148608,
236,0.2377063483,236,0.2364735603,236,0.001232787967,
237,0.2387090325,237,0.2373559177,237,0.001353114843,
238,0.2397117168,238,0.2385341227,238,0.001177594066,
239,0.240714401,239,0.2394300401,239,0.001284360886,
240,0.2417171597,240,0.240605399,240,0.001111760736,
241,0.242719844,241,0.2411811352,241,0.001538708806,
242,0.2437225282,242,0.2423892915,242,0.001333236694,
243,0.244725287,243,0.2436796874,243,0.00104559958,
244,0.2457281351,244,0.2444190383,244,0.001309096813,
245,0.2467308939,245,0.2453921288,245,0.001338765025,
246,0.2477335781,246,0.2463262677,246,0.001407310367,
247,0.2487363368,247,0.2472017854,247,0.001534551382,
248,0.2497390211,248,0.2486469448,248,0.001092076302,
249,0.2507418692,249,0.249541238,249,0.001200631261,
250,0.251744628,250,0.2504583895,250,0.001286238432,
251,0.2527473867,251,0.251349628,251,0.001397758722,
252,0.2537500858,252,0.2524442375,252,0.00130584836,
253,0.2547527552,253,0.253488034,253,0.001264721155,
254,0.2557554543,254,0.2545573115,254,0.001198142767,
255,0.2567580342,255,0.2558150291,255,0.000943005085,
256,0.2577607334,256,0.2564217448,256,0.001338988543,
257,0.2587632537,257,0.2573333681,257,0.001429885626,
258,0.259765774,258,0.2585322559,258,0.001233518124,
259,0.2607682347,259,0.2597187757,259,0.001049458981,
260,0.2617706656,260,0.2602999806,260,0.001470685005,
261,0.2627729475,261,0.2612953484,261,0.001477599144,
262,0.2637751698,262,0.2624911964,262,0.001283973455,
263,0.2647773623,263,0.2636806667,263,0.001096695662,
264,0.2657794952,264,0.2642629147,264,0.001516580582,
265,0.2667816281,265,0.2653625011,265,0.001419126987,
266,0.2677838206,266,0.2663672566,266,0.001416563988,
267,0.2687859535,267,0.2676587701,267,0.001127183437,
268,0.269787997,268,0.2683335245,268,0.001454472542,
269,0.2707899809,269,0.2692667544,269,0.0015232265,
270,0.2717920244,270,0.2705709934,270,0.001221030951,
271,0.2727940679,271,0.2715376914,271,0.001256376505,
272,0.2737962008,272,0.2722146213,272,0.001581579447,
273,0.2747982442,273,0.2732920349,273,0.001506209373,
274,0.2758002877,274,0.2742756307,274,0.001524657011,
275,0.2768024206,275,0.2754327357,275,0.001369684935,
276,0.2778046429,276,0.2762004137,276,0.001604229212,
277,0.2788068354,277,0.2772418559,277,0.001564979553,
278,0.2798089683,278,0.2785050571,278,0.001303911209,
279,0.2808111012,279,0.2792369127,279,0.001574188471,
280,0.2818131447,280,0.280123353,280,0.001689791679,
281,0.2828153372,281,0.2812488675,281,0.001566469669,
282,0.2838175595,282,0.2824313343,282,0.001386225224,
283,0.2848196924,283,0.2833606899,283,0.001459002495,
284,0.2858218253,284,0.2840952277,284,0.001726597548,
285,0.2868239284,285,0.2853358686,285,0.001488059759,
286,0.2878260016,286,0.2863154709,286,0.00151053071,
287,0.2888281047,287,0.2870917022,287,0.001736402512,
288,0.289830178,288,0.2880699635,288,0.001760214567,
289,0.2908321321,289,0.2891126275,289,0.001719504595,
290,0.2918343544,290,0.2903901935,290,0.001444160938,
291,0.2928363085,291,0.2908665538,291,0.001969754696,
292,0.293838352,292,0.2918761373,292,0.001962214708,
293,0.2948403955,293,0.2929053307,293,0.001935064793,
294,0.2958423793,294,0.2944065928,294,0.001435786486,
295,0.2968444228,295,0.2948384285,295,0.00200599432,
296,0.2978463173,296,0.2958164811,296,0.002029836178,
297,0.2988482714,297,0.2970475256,297,0.001800745726,
298,0.2998501062,298,0.2981877029,298,0.001662403345,
299,0.3008517623,299,0.2988874614,299,0.001964300871,
300,0.3018533885,300,0.2998518944,300,0.002001494169,
301,0.302855134,301,0.3010867238,301,0.001768410206,
302,0.3038567901,302,0.3021406233,302,0.001716166735,
303,0.3048584461,303,0.3027386069,303,0.002119839191,
304,0.3058601618,304,0.3036990166,304,0.00216114521,
305,0.3068616688,305,0.304089278,305,0.002772390842,
306,0.3078632355,306,0.3059090376,306,0.001954197884,
307,0.3088646531,307,0.3065808117,307,0.002283841372,
308,0.3098662198,308,0.307733506,308,0.002132713795,
309,0.310867697,309,0.3088992834,309,0.001968413591,
310,0.3118692636,310,0.309767127,310,0.002102136612,
311,0.3128707707,311,0.3104192615,311,0.002451509237,
312,0.3138723373,312,0.3116731048,312,0.002199232578,
313,0.314873755,313,0.3129510283,313,0.001922726631,
314,0.3158753216,314,0.3137070537,314,0.002168267965,
315,0.3168768883,315,0.3143588901,315,0.002517998219,
316,0.3178783059,316,0.3154244423,316,0.002453863621,
317,0.3188797235,317,0.3161661029,317,0.002713620663,
318,0.3198810518,318,0.3175748885,318,0.002306163311,
319,0.3208824694,319,0.3184007704,319,0.00248169899,
320,0.321883738,320,0.3192779124,320,0.002605825663,
321,0.3228850663,321,0.320725441,321,0.002159625292,
322,0.3238862455,322,0.3211132884,322,0.002772957087,
323,0.3248874247,323,0.3222501278,323,0.002637296915,
324,0.3258884251,324,0.3233204186,324,0.002568006516,
325,0.3268896043,325,0.3248422146,325,0.002047389746,
326,0.3278906345,326,0.3252613842,326,0.002629250288,
327,0.3288916349,327,0.3262015581,327,0.002690076828,
328,0.3298925757,328,0.3272036314,328,0.00268894434,
329,0.3308935165,329,0.3285220861,329,0.002371430397,
330,0.3318944573,330,0.3290515244,330,0.00284293294,
331,0.3328952193,331,0.330001235,331,0.002893984318,
332,0.3338960111,332,0.3312151134,332,0.002680897713,
333,0.3348966241,333,0.3322914839,333,0.002605140209,
334,0.3358972371,334,0.332826525,334,0.00307071209,
335,0.3368980289,335,0.3339776099,335,0.002920418978,
336,0.3378985524,336,0.3351210058,336,0.002777546644,
337,0.3388991058,337,0.3361935019,337,0.002705603838,
338,0.3398995697,338,0.3367821276,338,0.003117442131,
339,0.3409000933,339,0.3377790749,339,0.00312101841,
340,0.3419005573,340,0.3392732143,340,0.002627342939,
341,0.3429009318,341,0.3399933577,341,0.002907574177,
342,0.3439013958,342,0.340713501,342,0.003187894821,
343,0.3449018598,343,0.3418062329,343,0.003095626831,
344,0.3459023237,344,0.3431495726,344,0.002752751112,
345,0.3469026983,345,0.3437819481,345,0.003120750189,
346,0.3479031622,346,0.3443660736,346,0.003537088633,
347,0.3489037156,347,0.3456694484,347,0.003234267235,
348,0.3499041796,348,0.3457624018,348,0.004141777754,
349,0.3509046137,349,0.3475622833,349,0.003342330456,
350,0.3519050181,350,0.3483717442,350,0.003533273935,
351,0.3529054821,351,0.3494665325,351,0.003438949585,
352,0.3539059162,352,0.3509227335,352,0.002983182669,
353,0.3549063206,353,0.3513417244,353,0.003564596176,
354,0.3559068441,354,0.3521153927,354,0.003791451454,
355,0.3569074571,355,0.3534134924,355,0.003493964672,
356,0.3579079211,356,0.3548414409,356,0.00306648016,
357,0.358908385,357,0.3551748693,357,0.003733515739,
358,0.3599087596,358,0.356210202,358,0.003698557615,
359,0.3609092236,359,0.3573649228,359,0.003544300795,
360,0.3619095981,360,0.3585809171,360,0.003328680992,
361,0.3629100025,361,0.3591297865,361,0.003780215979,
362,0.363910377,362,0.3599778712,362,0.003932505846,
363,0.3649106026,363,0.3613245189,363,0.003586083651,
364,0.3659107387,364,0.362473011,364,0.00343772769,
365,0.3669108748,365,0.3628121018,365,0.004098773003,
366,0.367910862,366,0.3638481796,366,0.00406268239,
367,0.3689107597,367,0.3652043045,367,0.003706455231,
368,0.3699106872,368,0.3663685322,368,0.003542155027,
369,0.3709104955,369,0.3666535914,369,0.004256904125,
370,0.3719103932,370,0.3677791655,370,0.004131227732,
371,0.3729100823,371,0.3690018654,371,0.003908216953,
372,0.3739097416,372,0.3700279891,372,0.003881752491,
373,0.3749093413,373,0.3706103265,373,0.004299014807,
374,0.3759088218,374,0.3715315461,374,0.004377275705,
375,0.3769082725,375,0.3730983734,375,0.003809899092,
376,0.377907604,376,0.373921901,376,0.003985702991,
377,0.3789070547,377,0.3745826781,377,0.004324376583,
378,0.3799062967,378,0.3755313158,378,0.004374980927,
379,0.3809055686,379,0.3770293295,379,0.003876239061,
380,0.3819048405,380,0.3778098822,380,0.004094958305,
381,0.3829041123,381,0.3784182668,381,0.004485845566,
382,0.3839032352,382,0.3796246946,382,0.004278540611,
383,0.3849024177,383,0.3811401129,383,0.003762304783,
384,0.3859014511,384,0.3814840019,384,0.004417449236,
385,0.3869006336,385,0.3823404312,385,0.00456020236,
386,0.3878997564,386,0.3835481107,386,0.004351645708,
387,0.3888987899,387,0.3846182525,387,0.004280537367,
388,0.3898978829,388,0.3854567707,388,0.00444111228,
389,0.3908968568,389,0.3863010406,389,0.004595816135,
390,0.3918958902,390,0.3876610696,390,0.004234820604,
391,0.3928947449,391,0.3884152174,391,0.004479527473,
392,0.3938936889,392,0.3894823194,392,0.004411369562,
393,0.3948926628,393,0.3904127479,393,0.004479914904,
394,0.3958914578,394,0.3916364908,394,0.004254966974,
395,0.3968903124,395,0.3930326104,395,0.003857702017,
396,0.3978891075,396,0.3934262395,396,0.004462867975,
397,0.3988879919,397,0.3944505751,397,0.004437416792,
398,0.3998866975,398,0.3958126903,398,0.004074007273,
399,0.4008854032,399,0.397010535,399,0.003874868155,
400,0.4018839598,400,0.3973398805,400,0.004544079304,
401,0.4028826058,401,0.3984934986,401,0.004389107227,
402,0.4038811624,402,0.3998336196,402,0.00404754281,
403,0.404879719,403,0.4011529982,403,0.00372672081,
404,0.4058782756,404,0.4010898471,404,0.004788428545,
405,0.4068767428,405,0.4024020433,405,0.004474699497,
406,0.40787521,406,0.4039155543,406,0.003959655762,
407,0.4088735282,407,0.4048268795,407,0.004046648741,
408,0.4098719358,408,0.4052972496,408,0.004574686289,
409,0.410870105,409,0.4065329134,409,0.004337191582,
410,0.4118682444,410,0.4080012739,410,0.003866970539,
411,0.4128664136,411,0.4088736773,411,0.00399273634,
412,0.4138644934,412,0.4094898105,412,0.004374682903,
413,0.4148624837,413,0.410685271,413,0.004177212715,
414,0.4158604145,414,0.4124933779,414,0.003367036581,
415,0.4168582559,415,0.412553668,415,0.004304587841,
416,0.4178559184,416,0.4134296775,416,0.004426240921,
417,0.4188536108,417,0.4147411883,417,0.004112422466,
418,0.4198513031,418,0.4146800637,418,0.005171239376,
419,0.4208489656,419,0.4166955352,419,0.004153430462,
420,0.4218465686,420,0.4176101387,420,0.00423642993,
421,0.4228442609,421,0.4188466668,421,0.003997594118,
422,0.4238418639,422,0.4184905589,422,0.005351305008,
423,0.4248394668,423,0.4206832051,423,0.004156261683,
424,0.4258369803,424,0.42158252,424,0.004254460335,
425,0.4268345833,425,0.4229475558,425,0.003887027502,
426,0.4278321862,426,0.4247137308,426,0.00311845541,
427,0.4288296998,427,0.4247896969,427,0.004040002823,
428,0.4298272431,428,0.4257514179,428,0.004075825214,
429,0.4308246672,429,0.4270488918,429,0.003775775433,
430,0.4318222106,430,0.4284137189,430,0.003408491611,
431,0.4328196347,431,0.4286912084,431,0.004128426313,
432,0.4338169396,432,0.4297190011,432,0.004097938538,
433,0.4348140657,433,0.4310863316,433,0.003727734089,
434,0.4358112514,434,0.4323906898,434,0.003420561552,
435,0.4368084669,435,0.4327289164,435,0.004079550505,
436,0.437805593,436,0.4338904321,436,0.003915160894,
437,0.4388026297,437,0.4352576137,437,0.00354501605,
438,0.4397994578,438,0.4362997711,438,0.003499686718,
439,0.4407962561,439,0.4366950691,439,0.004101186991,
440,0.4417930543,440,0.4378533363,440,0.003939718008,
441,0.442789793,441,0.4395861328,441,0.00320366025,
442,0.4437865317,442,0.440487802,442,0.003298729658,
443,0.4447832406,443,0.4409356117,443,0.003847628832,
444,0.4457798898,444,0.44195351,444,0.003826379776,
445,0.4467765391,445,0.4432417452,445,0.003534793854,
446,0.4477731884,446,0.4441895485,446,0.00358363986,
447,0.448769778,447,0.4448353052,447,0.003934472799,
448,0.4497662485,448,0.445998013,448,0.003768235445,
449,0.4507626593,449,0.4473388791,449,0.003423780203,
450,0.4517590702,450,0.448382318,450,0.003376752138,
451,0.452755332,451,0.4490751922,451,0.00368013978,
452,0.4537516534,452,0.4503451586,452,0.003406494856,
453,0.4547481537,453,0.4515423477,453,0.003205806017,
454,0.4557444751,454,0.4522206187,454,0.003523856401,
455,0.456740737,455,0.4530915618,455,0.003649175167,
456,0.4577371478,456,0.4544431269,456,0.003294020891,
457,0.4587336481,457,0.455699414,457,0.003034234047,
458,0.4597300589,458,0.4562260211,458,0.003504037857,
459,0.4607264698,459,0.4571477175,459,0.003578752279,
460,0.46172297,460,0.4583501816,460,0.003372788429,
461,0.4627195299,461,0.4600336552,461,0.002685874701,
462,0.4637159407,462,0.4601178169,462,0.003598123789,
463,0.464712441,463,0.4611662924,463,0.003546148539,
464,0.4657089114,464,0.462505579,464,0.003203332424,
465,0.4667054117,465,0.4641180933,465,0.00258731842,
466,0.4677019119,466,0.4642471373,466,0.003454774618,
467,0.4686982334,467,0.4653437436,467,0.003354489803,
468,0.4696946442,468,0.4665512443,468,0.003143399954,
469,0.4706910551,469,0.4678739905,469,0.002817064524,
470,0.4716873765,470,0.4684562683,470,0.003231108189,
471,0.4726836383,471,0.4694505334,471,0.003233104944,
472,0.4736799002,472,0.4709255695,472,0.002754330635,
473,0.4746761322,473,0.4719420671,473,0.002734065056,
474,0.475672394,474,0.4724001288,474,0.003272265196,
475,0.4766685069,475,0.4733109176,475,0.003357589245,
476,0.4776646793,476,0.4735153615,476,0.004149317741,
477,0.4786607623,477,0.4758933187,477,0.002767443657,
478,0.4796567857,478,0.4762099385,478,0.0034468472,
479,0.4806527793,479,0.4775111079,479,0.003141671419,
480,0.4816488028,480,0.4788419902,480,0.002806812525,
481,0.4826446474,481,0.479878813,481,0.002765834332,
482,0.483640343,482,0.4804876447,482,0.003152698278,
483,0.4846361279,483,0.4816538692,483,0.002982258797,
484,0.4856318235,484,0.4829937518,484,0.002638071775,
485,0.4866274595,485,0.4838162959,485,0.002811163664,
486,0.4876230657,486,0.4845903516,486,0.003032714128,
487,0.4886186123,487,0.4856644869,487,0.002954125404,
488,0.4896142185,488,0.4864390492,488,0.00317516923,
489,0.4906096756,489,0.4878753126,489,0.002734363079,
490,0.4916052818,490,0.4884741604,490,0.003131121397,
491,0.492600739,491,0.4897178113,491,0.002882927656,
492,0.4935960472,492,0.4913002551,492,0.002295792103,
493,0.4945915937,493,0.4914650619,493,0.003126531839,
494,0.4955870509,494,0.4925282001,494,0.003058850765,
495,0.4965824187,495,0.4937451482,495,0.002837270498,
496,0.4975777268,496,0.4952500761,496,0.002327650785,
497,0.498573184,497,0.4956086278,497,0.002964556217,
498,0.4995684028,498,0.496717751,498,0.002850651741,
499,0.5005638003,499,0.4979701936,499,0.00259360671,
500,0.5015591383,500,0.4991885126,500,0.002370625734,
501,0.5025544763,501,0.4996409714,501,0.002913504839,
502,0.5035498142,502,0.5006216764,502,0.002928137779,
503,0.5045453906,503,0.5019319654,503,0.002613425255,
504,0.5055406094,504,0.5031518936,504,0.002388715744,
505,0.5065360665,505,0.5036395192,505,0.002896547318,
506,0.5075315833,506,0.5046461821,506,0.002885401249,
507,0.5085269809,507,0.5061070919,507,0.002419888973,
508,0.5095223188,508,0.5069669485,508,0.002555370331,
509,0.5105178952,509,0.5076347589,509,0.002883136272,
510,0.5115131736,510,0.5087618232,510,0.002751350403,
511,0.5125085711,511,0.5101653337,511,0.0023432374,
512,0.5135039687,512,0.5110257864,512,0.002478182316,
513,0.5144992471,513,0.511595428,513,0.002903819084,
514,0.5154945254,514,0.5126011372,514,0.002893388271,
515,0.5164898634,515,0.5141899586,515,0.002299904823,
516,0.5174851418,516,0.5147736669,516,0.002711474895,
517,0.5184803009,517,0.5154992938,517,0.002981007099,
518,0.5194755197,518,0.5168309212,518,0.002644598484,
519,0.5204706192,519,0.5176269412,519,0.002843677998,
520,0.5214655995,520,0.5190080404,520,0.002457559109,
521,0.5224606991,521,0.5195650458,521,0.002895653248,
522,0.5234559178,522,0.5208921432,522,0.002563774586,
523,0.5244510174,523,0.5223440528,523,0.002106964588,
524,0.5254461169,524,0.5227559209,524,0.002690196037,
525,0.5264411569,525,0.523439765,525,0.003001391888,
526,0.5274362564,526,0.5246662498,526,0.002770006657,
527,0.5284312367,527,0.5260775685,527,0.002353668213,
528,0.5294264555,528,0.5267633796,528,0.002663075924,
529,0.5304213166,529,0.5275725722,529,0.002848744392,
530,0.5314164758,530,0.5288540125,530,0.002562463284,
531,0.5324115157,531,0.5299600363,531,0.002451479435,
532,0.5334066153,532,0.5306737423,532,0.002732872963,
533,0.534401834,533,0.5315741301,533,0.002827703953,
534,0.535396874,534,0.5329620838,534,0.002434790134,
535,0.5363918543,535,0.5340092778,535,0.002382576466,
536,0.5373868346,536,0.5344602466,536,0.002926588058,
537,0.5383819938,537,0.535464704,537,0.002917289734,
538,0.5393770337,538,0.5369314551,538,0.002445578575,
539,0.540372014,539,0.5380564928,539,0.00231552124,
540,0.5413671136,540,0.5385248661,540,0.002842247486,
541,0.5423620939,541,0.5395328403,541,0.002829253674,
542,0.5433570743,542,0.5407865644,542,0.002570509911,
543,0.5443520546,543,0.5419365764,543,0.00241547823,
544,0.5453469157,544,0.5424161553,544,0.002930760384,
545,0.5463418365,545,0.5435090661,545,0.002832770348,
546,0.5473366976,546,0.5448636413,546,0.002473056316,
547,0.5483315587,547,0.545791626,547,0.002539932728,
548,0.5493264794,548,0.5463855267,548,0.002940952778,
549,0.550321281,549,0.5475527048,549,0.002768576145,
550,0.5513160229,550,0.5487998724,550,0.002516150475,
551,0.5523107648,551,0.549752593,551,0.002558171749,
552,0.5533055067,552,0.5502432585,552,0.00306224823,
553,0.554300189,553,0.55159235,553,0.002707839012,
554,0.5552949309,554,0.5532262921,554,0.002068638802,
555,0.5562894344,555,0.5535057187,555,0.002783715725,
556,0.5572840571,556,0.5543757081,556,0.002908349037,
557,0.5582786202,557,0.5555266738,557,0.002751946449,
558,0.5592731237,558,0.5561987162,558,0.003074407578,
559,0.5602676272,559,0.5573549271,559,0.002912700176,
560,0.5612620711,560,0.5583112836,560,0.002950787544,
561,0.5622565746,561,0.5594565868,561,0.002799987793,
562,0.5632509589,562,0.5600417256,562,0.003209233284,
563,0.564245522,563,0.5613857508,563,0.002859771252,
564,0.5652400255,564,0.5622454286,564,0.002994596958,
565,0.566234529,565,0.5633956194,565,0.002838909626,
566,0.5672290325,566,0.5647418499,566,0.002487182617,
567,0.5682235956,567,0.5654355288,567,0.002788066864,
568,0.5692181587,568,0.566088438,568,0.003129720688,
569,0.5702127814,569,0.5674211383,569,0.002791643143,
570,0.5712074041,570,0.5687096119,570,0.002497792244,
571,0.5722020864,571,0.5690927505,571,0.003109335899,
572,0.5731967688,572,0.5702238083,572,0.002972960472,
573,0.5741916895,573,0.5713694096,573,0.00282227993,
574,0.5751864314,574,0.5726391077,574,0.002547323704,
575,0.5761810541,575,0.5731369257,575,0.003044128418,
576,0.5771759152,576,0.5740799904,576,0.003095924854,
577,0.5781705379,577,0.5753293037,577,0.002841234207,
578,0.5791653991,578,0.5763047934,578,0.002860605717,
579,0.5801602006,579,0.5771989822,579,0.002961218357,
580,0.5811549425,580,0.5780147314,580,0.003140211105,
581,0.5821496844,581,0.5793834925,581,0.002766191959,
582,0.5831446052,582,0.5802291632,582,0.00291544199,
583,0.5841392875,583,0.5810036659,583,0.003135621548,
584,0.5851342678,584,0.5821253061,584,0.003008961678,
585,0.5861291289,585,0.5834761858,585,0.002652943134,
586,0.5871239901,586,0.5841494799,586,0.002974510193,
587,0.5881188512,587,0.5848538876,587,0.003264963627,
588,0.5891138315,588,0.5861147642,588,0.002999067307,
589,0.5901086926,589,0.5871491432,589,0.002959549427,
590,0.5911034942,590,0.588034749,590,0.003068745136,
591,0.5920982361,591,0.5888067484,591,0.003291487694,
592,0.5930929184,592,0.5899533629,592,0.003139555454,
593,0.5940876603,593,0.5911308527,593,0.002956807613,
594,0.5950823426,594,0.5919024944,594,0.003179848194,
595,0.5960769057,595,0.5928874016,595,0.003189504147,
596,0.597071588,596,0.5938873291,596,0.003184258938,
597,0.5980660915,597,0.5951896906,597,0.002876400948,
598,0.5990606546,598,0.5958678126,598,0.003192842007,
599,0.6000552773,599,0.5966120958,599,0.003443181515,
600,0.6010496616,600,0.5977751017,600,0.003274559975,
601,0.6020443439,601,0.5989208221,601,0.003123521805,
602,0.6030388474,602,0.5997915268,602,0.003247320652,
603,0.6040332913,603,0.6007548571,603,0.003278434277,
604,0.605027914,604,0.6017567515,604,0.00327116251,
605,0.6060225368,605,0.6029064655,605,0.003116071224,
606,0.6070171595,606,0.6035354137,606,0.00348174572,
607,0.6080120206,607,0.6046082973,607,0.00340372324,
608,0.6090065837,608,0.6058847308,608,0.003121852875,
609,0.6100013256,609,0.6068556905,609,0.003145635128,
610,0.6109962463,610,0.607524693,610,0.003471553326,
611,0.6119909883,611,0.6086474657,611,0.003343522549,
612,0.6129857898,612,0.6097713709,612,0.003214418888,
613,0.6139806509,613,0.6106566191,613,0.00332403183,
614,0.6149754524,614,0.6115109921,614,0.003464460373,
615,0.6159702539,615,0.6125364304,615,0.003433823586,
616,0.6169651747,616,0.6132006645,616,0.003764510155,
617,0.6179600954,617,0.6146194339,617,0.003340661526,
618,0.6189550757,618,0.6153169274,618,0.003638148308,
619,0.6199499965,619,0.616335392,619,0.003614604473,
620,0.620944798,620,0.6176360846,620,0.003308713436,
621,0.6219397783,621,0.6184989214,621,0.003440856934,
622,0.6229347587,622,0.6192463636,622,0.003688395023,
623,0.623929739,623,0.6201556921,623,0.003774046898,
624,0.6249247789,624,0.6214931607,624,0.003431618214,
625,0.6259198785,625,0.6224591732,625,0.00346070528,
626,0.6269149184,626,0.6231624484,626,0.003752470016,
627,0.6279101372,627,0.6243722439,627,0.003537893295,
628,0.6289051175,628,0.6252317429,628,0.003673374653,
629,0.6299003363,629,0.6262148619,629,0.003685474396,
630,0.6308954358,630,0.6273784637,630,0.003516972065,
631,0.6318904161,631,0.6281974316,631,0.003692984581,
632,0.6328855157,632,0.6294026375,632,0.003482878208,
633,0.6338806152,633,0.6302211285,633,0.003659486771,
634,0.6348755956,634,0.6311249137,634,0.003750681877,
635,0.6358706355,635,0.632286489,635,0.0035841465,
636,0.6368657947,636,0.633397162,636,0.003468632698,
637,0.6378608346,637,0.6341891289,637,0.003671705723,
638,0.6388559937,638,0.6351283789,638,0.00372761488,
639,0.6398511529,639,0.6360727549,639,0.003778398037,
640,0.6408461928,640,0.6374350786,640,0.003411114216,
641,0.6418414116,641,0.638243556,641,0.003597855568,
642,0.6428366303,642,0.6392228603,642,0.003613770008,
643,0.6438319087,643,0.6403794885,643,0.003452420235,
644,0.6448272467,644,0.6413849592,644,0.003442287445,
645,0.6458225846,645,0.6421778798,645,0.003644704819,
646,0.6468180418,646,0.6434160471,646,0.003401994705,
647,0.6478134394,647,0.6443862915,647,0.003427147865,
648,0.6488089561,648,0.6453353167,648,0.003473639488,
649,0.6498045325,649,0.6463482976,649,0.003456234932,
650,0.6507999897,650,0.647367835,650,0.003432154655,
651,0.6517955065,651,0.6484651566,651,0.003330349922,
652,0.6527912021,652,0.6491581202,652,0.003633081913,
653,0.6537867785,653,0.650388658,653,0.003398120403,
654,0.6547823548,654,0.6514528394,654,0.003329515457,
655,0.6557780504,655,0.6525717974,655,0.003206253052,
656,0.656773746,656,0.6535413265,656,0.003232419491,
657,0.657769382,657,0.6543701887,657,0.003399193287,
658,0.658765018,658,0.6554332972,658,0.003331720829,
659,0.6597605348,659,0.6563179493,659,0.003442585468,
660,0.6607561707,660,0.657317996,660,0.003438174725,
661,0.6617517471,661,0.6585902572,661,0.003161489964,
662,0.6627473831,662,0.6594763994,662,0.003270983696,
663,0.6637428999,663,0.660685122,663,0.003057777882,
664,0.6647385359,664,0.6615636349,664,0.003174901009,
665,0.6657341719,665,0.662484169,665,0.003250002861,
666,0.6667298675,666,0.6634770632,666,0.003252804279,
667,0.6677254438,667,0.6645406485,667,0.00318479538,
668,0.6687212586,668,0.6655558944,668,0.003165364265,
669,0.6697169542,669,0.6666789651,669,0.00303798914,
670,0.6707126498,670,0.6675041914,670,0.003208458424,
671,0.6717083454,671,0.6686102748,671,0.003098070621,
672,0.6727041006,672,0.6695201397,672,0.003183960915,
673,0.6736997962,673,0.670563221,673,0.003136575222,
674,0.6746954918,674,0.6718022823,674,0.002893209457,
675,0.6756913066,675,0.672617197,675,0.003074109554,
676,0.6766870022,676,0.6735495329,676,0.003137469292,
677,0.6776826978,677,0.6747921109,677,0.002890586853,
678,0.678678453,678,0.6756786108,678,0.002999842167,
679,0.679674387,679,0.6769028902,679,0.002771496773,
680,0.6806703806,680,0.6778501868,680,0.002820193768,
681,0.6816664338,681,0.6788063645,681,0.002860069275,
682,0.6826626062,682,0.6798314452,682,0.002831161022,
683,0.6836587787,683,0.6807140112,683,0.002944767475,
684,0.6846550703,684,0.6818715334,684,0.002783536911,
685,0.6856514812,685,0.682890296,685,0.002761185169,
686,0.6866481304,686,0.6837037206,686,0.002944409847,
687,0.6876447201,687,0.6849992275,687,0.002645492554,
688,0.6886413693,688,0.685819149,688,0.002822220325,
689,0.6896381974,689,0.6870980263,689,0.002540171146,
690,0.6906349659,690,0.6879059076,690,0.002729058266,
691,0.691631794,691,0.6889595389,691,0.002672255039,
692,0.6926286221,692,0.6899038553,692,0.002724766731,
693,0.6936253905,693,0.6910536289,693,0.002571761608,
694,0.6946222782,694,0.6920280457,694,0.002594232559,
695,0.6956192255,695,0.6929194927,695,0.00269973278,
696,0.6966161728,696,0.6940678358,696,0.002548336983,
697,0.6976130605,697,0.6949926615,697,0.002620398998,
698,0.6986099482,698,0.6961164474,698,0.00249350071,
699,0.6996068954,699,0.697026968,699,0.002579927444,
700,0.7006039023,700,0.6981561184,700,0.002447783947,
701,0.7016008496,701,0.6991173029,701,0.002483546734,
702,0.7025976777,702,0.7003295422,702,0.002268135548,
703,0.7035942078,703,0.7011508942,703,0.002443313599,
704,0.7045915127,704,0.7021952271,704,0.002396285534,
705,0.7055884004,705,0.7031376362,705,0.002450764179,
706,0.7065855265,706,0.7041356564,706,0.00244987011,
707,0.7075822353,707,0.7051772475,707,0.002404987812,
708,0.7085790634,708,0.7063301802,708,0.002248883247,
709,0.7095761299,709,0.7071686983,709,0.002407431602,
710,0.7105730176,710,0.7080955505,710,0.00247746706,
711,0.7115699649,711,0.7092065811,711,0.00236338377,
712,0.7125668526,712,0.7104115486,712,0.002155303955,
713,0.7135639191,713,0.7112410069,713,0.002322912216,
714,0.714560926,714,0.7121191025,714,0.002441823483,
715,0.7155579329,715,0.7133995295,715,0.002158403397,
716,0.7165549994,716,0.714302659,716,0.002252340317,
717,0.7175521255,717,0.7152019739,717,0.002350151539,
718,0.7185493708,718,0.7163575888,718,0.002191781998,
719,0.7195465565,719,0.7173964977,719,0.002150058746,
720,0.7205438614,720,0.7182712555,720,0.002272605896,
721,0.7215412259,721,0.7191445231,721,0.002396702766,
722,0.7225384712,722,0.7203295231,722,0.002208948135,
723,0.7235358357,723,0.721352458,723,0.002183377743,
724,0.7245333791,724,0.7223204374,724,0.002212941647,
725,0.7255309224,725,0.7233677506,725,0.002163171768,
726,0.7265284061,726,0.724285841,726,0.002242565155,
727,0.7275260091,727,0.725489974,727,0.002036035061,
728,0.728523612,728,0.7264486551,728,0.002074956894,
729,0.7295213342,729,0.7271693945,729,0.002351939678,
730,0.7305190563,730,0.7283729315,730,0.00214612484,
731,0.7315168381,731,0.7293614149,731,0.002155423164,
732,0.7325146198,732,0.7304810882,732,0.002033531666,
733,0.7335124612,733,0.7312529683,733,0.002259492874,
734,0.7345104218,734,0.7322819829,734,0.002228438854,
735,0.7355083823,735,0.7335259914,735,0.001982390881,
736,0.7365062833,736,0.734336257,736,0.002170026302,
737,0.7375043035,737,0.7353153825,737,0.002188920975,
738,0.7385022044,738,0.7362731695,738,0.002229034901,
739,0.7395002842,739,0.7375197411,739,0.001980543137,
740,0.740498364,740,0.7381944656,740,0.002303898335,
741,0.7414963841,741,0.7390503287,741,0.002446055412,
742,0.7424944639,742,0.7403171062,742,0.002177357674,
743,0.7434925437,743,0.741250515,743,0.002242028713,
744,0.7444905043,744,0.7422184944,744,0.00227200985,
745,0.745488584,745,0.7430208921,745,0.002467691898,
746,0.7464867234,746,0.744171381,746,0.002315342426,
747,0.747484982,747,0.7452219129,747,0.002263069153,
748,0.7484831214,748,0.7460206747,748,0.00246244669,
749,0.7494814396,749,0.7468371391,749,0.002644300461,
750,0.7504796982,750,0.7481220961,750,0.002357602119,
751,0.7514780164,751,0.7490411401,751,0.002436876297,
752,0.7524763942,752,0.749948144,752,0.002528250217,
753,0.7534748316,753,0.7507330179,753,0.00274181366,
754,0.754473269,754,0.7521241307,754,0.00234913826,
755,0.7554717064,755,0.7529140711,755,0.002557635307,
756,0.7564700842,756,0.7537904978,756,0.002679586411,
757,0.7574687004,757,0.7547286153,757,0.002740085125,
758,0.7584671974,758,0.7559700012,758,0.002497196198,
759,0.7594658136,759,0.7567830086,759,0.002682805061,
760,0.7604643703,760,0.7574782968,760,0.002986073494,
761,0.7614631653,761,0.7586942911,761,0.002768874168,
762,0.7624620199,762,0.7598125935,762,0.00264942646,
763,0.7634609342,763,0.7608264685,763,0.002634465694,
764,0.7644598484,764,0.7614949942,764,0.00296485424,
765,0.7654588819,765,0.7625067234,765,0.002952158451,
766,0.7664578557,766,0.7637821436,766,0.002675712109,
767,0.7674569488,767,0.7646690607,767,0.00278788805,
768,0.7684559226,768,0.7660073042,768,0.002448618412,
769,0.7694545984,769,0.7665674686,769,0.002887129784,
770,0.7704533935,770,0.7675875425,770,0.002865850925,
771,0.7714521885,771,0.7684644461,771,0.002987742424,
772,0.7724509835,772,0.7690212727,772,0.003429710865,
773,0.7734497786,773,0.7704683542,773,0.002981424332,
774,0.7744487524,774,0.771578908,774,0.002869844437,
775,0.7754477859,775,0.7722402811,775,0.003207504749,
776,0.7764468789,776,0.7731045485,776,0.003342330456,
777,0.7774460912,777,0.7743176818,777,0.003128409386,
778,0.7784451842,778,0.7754231691,778,0.003022015095,
779,0.7794442773,779,0.7762272358,779,0.003217041492,
780,0.7804434896,780,0.7771577835,780,0.003285706043,
781,0.781442523,781,0.77820158,781,0.003240942955,
782,0.7824416161,782,0.7793343067,782,0.003107309341,
783,0.7834407687,783,0.779930234,783,0.003510534763,
784,0.7844398618,784,0.7808722258,784,0.003567636013,
785,0.785439074,785,0.782302618,785,0.003136456013,
786,0.7864383459,786,0.7832888365,786,0.00314950943,
787,0.7874374986,787,0.7839767933,787,0.00346070528,
788,0.78843683,788,0.7848152518,788,0.003621578217,
789,0.7894362807,789,0.7863320112,789,0.003104269505,
790,0.7904357314,790,0.7870417833,790,0.003393948078,
791,0.7914353013,791,0.7879167795,791,0.003518521786,
792,0.7924349904,792,0.7888348103,792,0.003600180149,
793,0.7934346199,793,0.7899956703,793,0.003438949585,
794,0.7944343686,794,0.7910778522,794,0.003356516361,
795,0.7954342365,795,0.7917599678,795,0.003674268723,
796,0.7964340448,796,0.792773962,796,0.003660082817,
797,0.7974339128,797,0.7940347791,797,0.003399133682,
798,0.7984338403,798,0.7948923111,798,0.003541529179,
799,0.7994338274,799,0.7955719233,799,0.003861904144,
800,0.8004337549,800,0.7967045903,800,0.0037291646,
801,0.801433742,801,0.7980461717,801,0.003387570381,
802,0.8024338484,802,0.798818469,802,0.003615379333,
803,0.8034338951,803,0.7992159128,803,0.004217982292,
804,0.8044341207,804,0.8007154465,804,0.003718674183,
805,0.805434227,805,0.8020603061,805,0.003373920918,
806,0.8064342737,806,0.8028343916,806,0.003599882126,
807,0.8074344993,807,0.8042598963,807,0.003174602985,
808,0.8084346652,808,0.8048355579,808,0.003599107265,
809,0.8094348311,809,0.8058875799,809,0.003547251225,
810,0.8104350567,810,0.8066506386,810,0.003784418106,
811,0.8114352822,811,0.8084796667,811,0.00295561552,
812,0.8124355078,812,0.8086627722,812,0.003772735596,
813,0.8134356737,813,0.8099012971,813,0.003534376621,
814,0.8144359589,814,0.8107608557,814,0.003675103188,
815,0.8154361248,815,0.8112283945,815,0.004207730293,
816,0.81643641,816,0.8126865625,816,0.003749847412,
817,0.8174365759,817,0.8137334585,817,0.003703117371,
818,0.818436861,818,0.8145928979,818,0.003843963146,
819,0.8194370866,819,0.8151825666,819,0.004254519939,
820,0.8204373121,820,0.8167244196,820,0.003712892532,
821,0.8214375377,821,0.8177682161,821,0.003669321537,
822,0.8224378228,822,0.8185392022,822,0.003898620605,
823,0.823438108,823,0.8192232251,823,0.004214882851,
824,0.8244386911,824,0.8208539486,824,0.003584742546,
825,0.8254390359,825,0.821787715,825,0.003651320934,
826,0.8264396191,826,0.8224634528,826,0.003976166248,
827,0.8274401426,827,0.8231707811,827,0.004269361496,
828,0.8284406662,828,0.8247159123,828,0.003724753857,
829,0.829441309,829,0.8256787062,829,0.003762602806,
830,0.8304420114,830,0.8260467052,830,0.00439530611,
831,0.8314425945,831,0.8273577094,831,0.00408488512,
832,0.8324432969,832,0.8287962079,832,0.003647089005,
833,0.8334439993,833,0.829621017,833,0.003822982311,
834,0.8344447613,834,0.8307060003,834,0.003738760948,
835,0.8354456425,835,0.8312708139,835,0.004174828529,
836,0.8364465237,836,0.832786262,836,0.003660261631,
837,0.8374475241,837,0.8336030841,837,0.003844439983,
838,0.8384485245,838,0.8342366815,838,0.004211843014,
839,0.8394495249,839,0.835344553,839,0.004104971886,
840,0.8404506445,840,0.8367762566,840,0.003674387932,
841,0.8414516449,841,0.8375282884,841,0.003923356533,
842,0.8424528241,842,0.8380556107,842,0.004397213459,
843,0.8434540033,843,0.8393960595,843,0.004057943821,
844,0.8444551826,844,0.8405948877,844,0.003860294819,
845,0.8454563618,845,0.8415084481,845,0.003947913647,
846,0.846457541,846,0.8423909545,846,0.004066586494,
847,0.8474587798,847,0.8435016274,847,0.003957152367,
848,0.8484601378,848,0.8445964456,848,0.003863692284,
849,0.8494613767,849,0.8455508947,849,0.00391048193,
850,0.8504625559,850,0.8459257483,850,0.004536807537,
851,0.8514637351,851,0.8474434614,851,0.004020273685,
852,0.8524649739,852,0.8488340378,852,0.003630936146,
853,0.8534661531,853,0.8495590091,853,0.00390714407,
854,0.8544675112,854,0.8499151468,854,0.004552364349,
855,0.8554688096,855,0.8515271544,855,0.003941655159,
856,0.8564701676,856,0.8527793884,856,0.003690779209,
857,0.8574714661,857,0.8534503579,857,0.00402110815,
858,0.8584730029,858,0.854023397,858,0.004449605942,
859,0.8594744205,859,0.8555437922,859,0.0039306283,
860,0.8604758382,860,0.8567909002,860,0.003684937954,
861,0.861477375,861,0.8574290276,861,0.004048347473,
862,0.8624788523,862,0.8582525253,862,0.004226326942,
863,0.8634805083,863,0.8598657846,863,0.003614723682,
864,0.8644821048,864,0.8605834842,864,0.003898620605,
865,0.8654837608,865,0.8614448905,865,0.004038870335,
866,0.8664854169,866,0.8625250459,866,0.003960371017,
867,0.8674871922,867,0.8639448285,867,0.003542363644,
868,0.868489027,868,0.8646624088,868,0.003826618195,
869,0.8694907427,869,0.8654101491,869,0.004080593586,
870,0.8704925776,870,0.8663935661,870,0.004099011421,
871,0.8714943528,871,0.8680392504,871,0.003455102444,
872,0.8724962473,872,0.8686984777,872,0.003797769547,
873,0.8734980226,873,0.869253993,873,0.004244029522,
874,0.8744997978,874,0.8706202507,874,0.003879547119,
875,0.8755016923,875,0.8720499277,875,0.003451764584,
876,0.8765035868,876,0.8728805184,876,0.003623068333,
877,0.8775054812,877,0.8737251759,877,0.003780305386,
878,0.8785073757,878,0.8746284246,878,0.003878951073,
879,0.8795093894,879,0.8758461475,879,0.003663241863,
880,0.8805112243,880,0.8768399358,880,0.00367128849,
881,0.8815131783,881,0.8770487309,881,0.004464447498,
882,0.8825150728,882,0.8790774345,882,0.003437638283,
883,0.8835169673,883,0.879983902,883,0.003533065319,
884,0.8845186234,884,0.8808025718,884,0.003716051579,
885,0.8855205774,885,0.8814905286,885,0.004030048847,
886,0.8865224719,886,0.8829219341,886,0.003600537777,
887,0.8875243664,887,0.8842106462,887,0.003313720226,
888,0.8885262012,888,0.8849032521,888,0.003622949123,
889,0.8895279169,889,0.886056304,889,0.00347161293,
890,0.890529871,890,0.8871157169,890,0.003414154053,
891,0.8915317059,891,0.8880985379,891,0.003433167934,
892,0.8925334811,892,0.8888763189,892,0.003657162189,
893,0.8935353756,893,0.8895146847,893,0.004020690918,
894,0.8945372105,894,0.8912253976,894,0.003311812878,
895,0.8955391049,895,0.892334342,895,0.003204762936,
896,0.896541059,896,0.8928647041,896,0.003676354885,
897,0.8975430131,897,0.8935989141,897,0.003944098949,
898,0.8985450268,898,0.8954041004,898,0.003140926361,
899,0.8995470405,899,0.8964037895,899,0.003143250942,
900,0.900549233,900,0.8969085217,900,0.003640711308,
901,0.9015513659,901,0.8977356553,901,0.003815710545,
902,0.9025536776,902,0.8992664218,902,0.003287255764,
903,0.9035558701,903,0.9003376961,903,0.003218173981,
904,0.9045582414,904,0.9009834528,904,0.00357478857,
905,0.9055607915,905,0.9020603299,905,0.003500461578,
906,0.9065631628,906,0.9035030603,906,0.003060102463,
907,0.9075657129,907,0.9042559862,907,0.003309726715,
908,0.9085684419,908,0.9047959447,908,0.003772497177,
909,0.9095710516,909,0.9061483145,909,0.003422737122,
910,0.9105737209,910,0.907738328,910,0.002835392952,
911,0.9115763903,911,0.9084149599,911,0.003161430359,
912,0.9125792384,912,0.9085503817,912,0.004028856754,
913,0.913582027,913,0.9103382826,913,0.003243744373,
914,0.9145847559,914,0.9117823839,914,0.002802371979,
915,0.9155876637,915,0.9124931693,915,0.003094494343,
916,0.9165904522,916,0.9147166014,916,0.001873850822,
917,0.9175933599,917,0.9143687487,917,0.003224611282,
918,0.9185961485,918,0.9157229662,918,0.002873182297,
919,0.9195989966,919,0.9166139364,919,0.002985060215,
920,0.9206019044,920,0.9184908867,920,0.002111017704,
921,0.9216048121,921,0.91857481,921,0.003030002117,
922,0.9226076603,922,0.9198328257,922,0.002774834633,
923,0.923610568,923,0.9207240939,923,0.002886474133,
924,0.9246134758,924,0.9210366011,924,0.003576874733,
925,0.9256162643,925,0.9228242636,925,0.002792000771,
926,0.9266191125,926,0.9241509438,926,0.002468168736,
927,0.9276219606,927,0.9247579575,927,0.002864003181,
928,0.9286248088,928,0.9252111912,928,0.003413617611,
929,0.9296275377,929,0.9270109534,929,0.002616584301,
930,0.9306302667,930,0.9281813502,930,0.002448916435,
931,0.931632936,931,0.9287270308,931,0.002905905247,
932,0.9326354265,932,0.9294076562,932,0.003227770329,
933,0.9336380363,933,0.9311927557,933,0.002445280552,
934,0.934640646,934,0.9320793152,934,0.002561330795,
935,0.9356432557,935,0.9329032302,935,0.00274002552,
936,0.9366458654,936,0.9334605932,936,0.003185272217,
937,0.9376484752,937,0.9353747368,937,0.002273738384,
938,0.9386510849,938,0.9363238811,938,0.002327203751,
939,0.9396538138,939,0.9368212223,939,0.002832591534,
940,0.9406566024,940,0.9376559854,940,0.003000617027,
941,0.9416592717,941,0.9394818544,941,0.002177417278,
942,0.9426621199,942,0.9402295947,942,0.002432525158,
943,0.9436651468,943,0.9419313073,943,0.001733839512,
944,0.944667995,944,0.9418529272,944,0.002815067768,
945,0.9456707835,945,0.9435261488,945,0.002144634724,
946,0.9466737509,946,0.9442316294,946,0.002442121506,
947,0.9476766586,947,0.9449266791,947,0.002749979496,
948,0.9486797452,948,0.9461821318,948,0.00249761343,
949,0.9496827126,949,0.9475183487,949,0.002164363861,
950,0.9506857395,950,0.9484106898,950,0.002275049686,
951,0.9516887665,951,0.948821187,951,0.00286757946,
952,0.9526916742,952,0.9503044486,952,0.002387225628,
953,0.9536946416,953,0.9516641498,953,0.002030491829,
954,0.9546976686,954,0.9523428082,954,0.002354860306,
955,0.9557006359,955,0.9537556171,955,0.001945018768,
956,0.9567036629,956,0.9545339346,956,0.002169728279,
957,0.9577065706,957,0.9555966854,957,0.002109885216,
958,0.9587094784,958,0.9565649033,958,0.002144575119,
959,0.9597125053,959,0.9568913579,959,0.002821147442,
960,0.9607155323,960,0.9587316513,960,0.001983880997,
961,0.9617184401,961,0.9596822262,961,0.002036213875,
962,0.9627213478,962,0.9604858756,962,0.002235472202,
963,0.963724196,963,0.9610481262,963,0.002676069736,
964,0.9647270441,964,0.9627721906,964,0.001954853535,
965,0.9657298923,965,0.9639238119,965,0.001806080341,
966,0.9667327404,966,0.9644117355,966,0.002321004868,
967,0.9677354693,967,0.965274334,967,0.002461135387,
968,0.9687382579,968,0.9667243958,968,0.002013862133,
969,0.9697408676,969,0.9679247141,969,0.001816153526,
970,0.9707434773,970,0.9684709311,970,0.002272546291,
971,0.9717461467,971,0.9692508578,971,0.002495288849,
972,0.9727487564,972,0.9709969163,972,0.001751840115,
973,0.9737513661,973,0.971694231,973,0.002057135105,
974,0.9747539759,974,0.9725948572,974,0.002159118652,
975,0.9757564664,975,0.973305583,975,0.002450883389,
976,0.9767590761,976,0.9749026895,976,0.001856386662,
977,0.9777616858,977,0.9760781527,977,0.001683533192,
978,0.9787643552,978,0.9765889049,978,0.002175450325,
979,0.9797669649,979,0.9774042964,979,0.002362668514,
980,0.9807697535,980,0.9790230393,980,0.001746714115,
981,0.9817724824,981,0.9800220728,981,0.001750409603,
982,0.9827750921,982,0.9803624749,982,0.002412617207,
983,0.9837777615,983,0.9816212654,983,0.002156496048,
984,0.9847803712,984,0.9828773141,984,0.001903057098,
985,0.9857829809,985,0.98365587,985,0.002127110958,
986,0.9867857695,986,0.9843990803,986,0.002386689186,
987,0.9877884388,987,0.9856594205,987,0.002129018307,
988,0.9887911081,988,0.986899972,988,0.001891136169,
989,0.9897937179,989,0.9876764417,989,0.002117276192,
990,0.9907963276,990,0.9879739881,990,0.002822339535,
991,0.9917988777,991,0.9896907806,991,0.002108097076,
992,0.9928014874,992,0.9910537004,992,0.001747786999,
993,0.993803978,993,0.9916254282,993,0.002178549767,
994,0.9948064089,994,0.9929798841,994,0.001826524734,
995,0.995808959,995,0.9936366677,995,0.002172291279,
996,0.9968113899,996,0.9947713614,996,0.002040028572,
997,0.9978137612,997,0.9955798388,997,0.002233922482,
998,0.9988160729,998,0.9970124364,998,0.001803636551,
999,0.9998185039,999,0.9975402355,999,0.002278268337,
