x0000,y0000,x0001,y0001,x0002,y0002,x0003,y0003,x0004,y0004
0,0.000979103148,0,0.818013072,0,0.1829660535,0,0.2251941264,0,0.4362827837,
1,0.001982342452,1,0.8190765381,1,0.1829057932,1,0.2225085795,1,0.4382399023,
2,0.002985581756,2,0.8201729655,2,0.1828126311,2,0.2186023295,2,0.4379952848,
3,0.003988741431,3,0.8212043643,3,0.1827843785,3,0.2154285014,3,0.4387291968,
4,0.00499182241,4,0.8220504522,4,0.1829413772,4,0.2139636576,4,0.4416648448,
5,0.005994585343,5,0.8231437206,5,0.1828508377,5,0.2112781107,5,0.4438665807,
6,0.006997586228,6,0.8244812489,6,0.1825163364,6,0.2061511576,6,0.4426434338,
7,0.008000348695,7,0.8251539469,7,0.182846427,7,0.2044421732,7,0.4438665807,
8,0.009003112093,8,0.825905323,8,0.1830977798,8,0.2034656107,8,0.4472915828,
9,0.01000627223,9,0.827062428,9,0.182943821,9,0.2005359232,9,0.4494933188,
10,0.0110090347,10,0.8281878829,10,0.1828211546,10,0.1966296732,10,0.4492486417,
11,0.01201195642,11,0.8292697668,11,0.1827421784,11,0.1932117045,11,0.4497379363,
12,0.01301471982,12,0.8301423788,12,0.182872355,12,0.1917468607,12,0.4531628788,
13,0.0140172448,13,0.831053853,13,0.1829633713,13,0.1893054545,13,0.4546307623,
14,0.01501992811,14,0.8323802948,14,0.1826396585,14,0.1841785014,14,0.4529182613,
15,0.01602261141,15,0.8332514763,15,0.1827711463,15,0.1819812357,15,0.4546307623,
16,0.01702537388,16,0.8340290785,16,0.182996273,16,0.1807605326,16,0.4580557048,
17,0.0180277396,17,0.8350833654,17,0.1829443574,17,0.1778308451,17,0.4595235288,
18,0.01903026551,18,0.8360065222,18,0.1830237508,18,0.1751452982,18,0.4605020583,
19,0.02003271133,19,0.8372547626,19,0.1827779412,19,0.170750767,19,0.4597681463,
20,0.02103507705,20,0.8380285501,20,0.183006525,20,0.1692859232,20,0.4627038538,
21,0.02203736268,21,0.8392011523,21,0.1828362346,21,0.1658679545,21,0.4639270008,
22,0.0230397284,22,0.8403813839,22,0.1826583147,22,0.1612292826,22,0.4617252648,
23,0.02404217422,23,0.8412386179,23,0.1828035712,23,0.159032017,23,0.4634377658,
24,0.02504453994,24,0.8418704867,24,0.1831740737,24,0.1580554545,24,0.4666180313,
25,0.02604706585,25,0.8430176973,25,0.1830293536,25,0.1548816264,25,0.4683305323,
26,0.02704943158,26,0.8437146544,26,0.1833347678,26,0.1529285014,26,0.4693090618,
27,0.0280517973,27,0.8450968862,27,0.1829549074,27,0.1480456889,27,0.4680859149,
28,0.02905408479,28,0.8458096385,28,0.1832444668,28,0.1465808451,28,0.4707769454,
29,0.03005637042,29,0.847032547,29,0.1830238104,29,0.1429187357,29,0.4717554748,
30,0.03105865791,30,0.8481836319,30,0.1828750372,30,0.1387683451,30,0.4702876508,
31,0.03206086531,31,0.8491532803,31,0.1829075813,31,0.1360827982,31,0.4717554748,
32,0.03306322917,32,0.8498154879,32,0.183247745,32,0.1348620951,32,0.4749357998,
33,0.03406527638,33,0.8508856893,33,0.1831796169,33,0.131688267,33,0.4759143293,
34,0.03506740555,34,0.8515277505,34,0.183539629,34,0.1302234232,34,0.4781161249,
35,0.0360692963,35,0.8530330658,35,0.1830362082,35,0.1246081889,35,0.4751804173,
36,0.03707118332,36,0.8537299633,36,0.1833412051,36,0.1231433451,36,0.4781161249,
37,0.03807291761,37,0.8549326062,37,0.1831403375,37,0.1194812357,37,0.4788500369,
38,0.03907464817,38,0.8562604785,38,0.1828141809,38,0.1145984232,38,0.4761590064,
39,0.04007629678,39,0.8569653034,39,0.183111012,39,0.1128894389,39,0.4783607423,
40,0.04107771069,40,0.8576418161,40,0.1834359169,40,0.1114245951,40,0.4812963903,
41,0.0420791246,41,0.8587852716,41,0.183293879,41,0.1080066264,41,0.4822749794,
42,0.04308046028,42,0.8593814373,42,0.1836990118,42,0.1065417826,42,0.4842320979,
43,0.044081714,43,0.8609358668,43,0.1831458211,43,0.1009265482,43,0.4810517728,
44,0.04508280754,44,0.8616530299,44,0.1834297776,44,0.09921756387,44,0.4837428033,
45,0.04608374462,45,0.8627948761,45,0.1832888722,45,0.09579959512,45,0.4847213924,
46,0.04708468169,46,0.8640537262,46,0.1830309629,46,0.09140506387,46,0.4825195968,
47,0.04808561876,47,0.8648258448,47,0.1832597852,47,0.08920779824,47,0.4837428033,
48,0.04908623919,48,0.8656928539,48,0.1833933592,48,0.08701053262,48,0.4866784513,
49,0.05008693784,49,0.8665581942,49,0.1835287213,49,0.08432498574,49,0.4869231284,
50,0.05108739808,50,0.8675150871,50,0.1835722923,50,0.08163943887,50,0.4888802469,
51,0.05208793655,51,0.8686951995,51,0.1833927631,51,0.07748904824,51,0.4861892164,
52,0.05308831856,52,0.8695416451,52,0.1835466623,52,0.07529178262,52,0.4891248643,
53,0.05408854038,53,0.8705399036,53,0.1835486293,53,0.07211795449,53,0.4888802469,
54,0.05508876219,54,0.8718896508,54,0.1831991076,54,0.06747928262,54,0.4859445393,
55,0.05608898774,55,0.8727013469,55,0.1833876371,55,0.06528201699,55,0.4883909523,
56,0.0570891276,56,0.8734180331,56,0.1836711168,56,0.06332889199,56,0.4905926883,
57,0.05808927119,57,0.8744316101,57,0.1836576462,57,0.06015506387,57,0.4905926883,
58,0.05908925459,58,0.8751301765,58,0.1839590669,58,0.05820193887,58,0.4925498068,
59,0.06008924171,59,0.8765074015,59,0.1835818291,59,0.05356326699,59,0.4896141589,
60,0.06108922511,60,0.8773819208,60,0.1837072968,60,0.05112186074,60,0.4923051894,
61,0.06208904833,61,0.8784758449,61,0.1836131811,61,0.04770389199,61,0.4923051894,
62,0.06308887154,62,0.8793717623,62,0.1837171316,62,0.04477420449,62,0.4908373654,
63,0.0640887022,63,0.8804063201,63,0.1836823821,63,0.04160037637,63,0.4913266003,
64,0.065088287,64,0.881241858,64,0.1838464141,64,0.03915897012,64,0.4932837188,
65,0.06608795375,65,0.8823382854,65,0.1837496758,65,0.03574100137,65,0.4932837188,
66,0.06708745658,66,0.8832163811,66,0.1838710904,66,0.03305545449,66,0.4940176308,
67,0.06808688492,67,0.8841227293,67,0.1839641333,67,0.03012576699,67,0.4923051894,
68,0.0690863207,68,0.885101378,68,0.1839849353,68,0.02719607949,68,0.4942623079,
69,0.07008566707,69,0.8860421777,69,0.184043467,69,0.02426639199,69,0.4942623079,
70,0.07108493894,70,0.8875647783,70,0.1835201383,70,0.01938357949,70,0.4905926883,
71,0.07208420336,71,0.8880681396,71,0.1840160489,71,0.01791873574,71,0.4930391014,
72,0.07308339328,72,0.8888750672,72,0.1842083335,72,0.01547732949,72,0.4949962199,
73,0.07408242673,73,0.8898927569,73,0.1841896772,73,0.01230350137,73,0.4947515428,
74,0.07508137822,74,0.8908392191,74,0.1842421293,74,0.009373813868,74,0.4954855144,
75,0.07608017325,75,0.8918495178,75,0.1842306852,75,0.006199985743,75,0.4932837188,
76,0.07707904279,76,0.892798841,76,0.1842802167,76,0.003270298243,76,0.4952408373,
77,0.07807775587,77,0.8939758539,77,0.1841018796,77,-0.0003918111324,77,0.4947515428,
78,0.07907639444,78,0.8940536976,78,0.1850227118,78,-0.0006359517574,78,0.4964640439,
79,0.08007495105,79,0.8957082033,79,0.1843667626,79,-0.005762904882,79,0.4935283959,
80,0.0810732618,80,0.8965646029,80,0.1845086813,80,-0.008448451757,80,0.4952408373,
81,0.08207166195,81,0.8977429271,81,0.1843287349,81,-0.01211056113,81,0.4949962199,
82,0.08306989819,82,0.8988484144,82,0.1842215061,82,-0.01552852988,82,0.4942623079,
83,0.08406797796,83,0.8995608091,83,0.1845071912,83,-0.01772579551,83,0.4937730134,
84,0.08506589383,84,0.9004121423,84,0.184653759,84,-0.02041134238,84,0.4947515428,
85,0.0860638991,85,0.9015208483,85,0.1845430732,85,-0.02382931113,85,0.4940176308,
86,0.0870616585,86,0.902833581,86,0.1842280626,86,-0.02773556113,86,0.4908373654,
87,0.0880594179,87,0.9032648206,87,0.1847946048,87,-0.02920040488,87,0.4930391014,
88,0.08905702084,88,0.9041813612,88,0.1848756671,88,-0.03213009238,88,0.4942623079,
89,0.09005454183,89,0.9052994251,89,0.1847550869,89,-0.03554806113,89,0.4932837188,
90,0.09105190635,90,0.9064742327,90,0.1845777035,90,-0.03921017051,90,0.4932837188,
91,0.09204935282,91,0.9071981907,91,0.1848511696,91,-0.04140743613,91,0.4925498068,
92,0.09304671735,92,0.9081165791,92,0.1849301457,92,-0.04433712363,92,0.4932837188,
93,0.09404408187,93,0.9090762734,93,0.1849678159,93,-0.04726681113,93,0.4925498068,
94,0.09504136443,94,0.9096390009,94,0.1854023933,94,-0.04921993613,94,0.4945069253,
95,0.09603849053,95,0.9110008478,95,0.1850376129,95,-0.05312618613,95,0.4910819829,
96,0.09703553468,96,0.9118250608,96,0.1852104664,96,-0.05581173301,96,0.4920605123,
97,0.09803250432,97,0.9130407572,97,0.1849917173,97,-0.05947384238,97,0.4908373654,
98,0.09902947396,98,0.9142602682,98,0.1847692132,98,-0.06313595176,98,0.4896141589,
99,0.1000262797,99,0.9148064852,99,0.1852197647,99,-0.06484493613,99,0.4896141589,
100,0.101022929,100,0.9156315327,100,0.1853914261,100,-0.06753048301,100,0.4903480709,
101,0.1020195782,101,0.9167643785,101,0.1852551699,101,-0.07094845176,101,0.4893694818,
102,0.103016071,102,0.9181627035,102,0.184853375,102,-0.07485470176,102,0.4861892164,
103,0.1040123999,103,0.9187008142,103,0.1853115559,103,-0.07680782676,103,0.4879016578,
104,0.1050084159,104,0.9195944071,104,0.1854140162,104,-0.07973751426,104,0.4886355698,
105,0.1060042679,105,0.9205623865,105,0.1854418516,105,-0.08266720176,105,0.4879016578,
106,0.1070002839,106,0.9218183756,106,0.1851819158,106,-0.08632931113,106,0.4861892164,
107,0.1079962179,107,0.9224659204,107,0.1855303049,107,-0.08828243613,107,0.4856999218,
108,0.1089921519,108,0.9233506918,108,0.1856414676,108,-0.09121212363,108,0.4864338338,
109,0.1099881679,109,0.9244126081,109,0.1855755448,109,-0.09438595176,109,0.4854553044,
110,0.1109838635,110,0.9249376059,110,0.1860462427,110,-0.09633907676,110,0.4869231284,
111,0.111979723,111,0.9261398315,111,0.1858398914,111,-0.09951290488,111,0.4837428033,
112,0.1129753366,112,0.9271403551,112,0.1858350039,112,-0.102686733,112,0.4837428033,
113,0.1139709577,113,0.9281119108,113,0.1858590245,113,-0.1056164205,113,0.4830088913,
114,0.1149663329,114,0.929512918,114,0.1854534149,114,-0.1095226705,114,0.4805624783,
115,0.1159617156,115,0.9299916029,115,0.1859701276,115,-0.1109875143,115,0.4803178608,
116,0.1169570982,116,0.9309520125,116,0.1860051155,116,-0.1141613424,116,0.4808071554,
117,0.117952235,117,0.9318277836,117,0.186124444,117,-0.1166027486,117,0.4793392718,
118,0.1189472154,118,0.9332051277,118,0.1857420802,118,-0.120264858,118,0.4764036238,
119,0.1199421212,119,0.9337198138,119,0.1862223148,119,-0.122217983,119,0.4776268303,
120,0.1209369451,120,0.9345748425,120,0.1863620877,120,-0.1251476705,120,0.4783607423,
121,0.121931687,121,0.9355672598,121,0.1863644123,121,-0.128077358,121,0.4773822129,
122,0.1229265109,122,0.9370112419,122,0.1859152913,122,-0.131983608,122,0.4746911824,
123,0.1239210963,123,0.9375426173,123,0.186378479,123,-0.1336925924,123,0.4746911824,
124,0.1249157637,124,0.9384730458,124,0.1864427328,124,-0.1366222799,124,0.4744465053,
125,0.1259101033,125,0.9394148588,125,0.1864952445,125,-0.1393078268,125,0.4732232988,
126,0.1269042939,126,0.9403499365,126,0.1865543723,126,-0.1424816549,126,0.4737125933,
127,0.1278983951,127,0.9414018393,127,0.1864965558,127,-0.1449230611,127,0.4705322683,
128,0.1288925111,128,0.9421829581,128,0.1867095232,128,-0.147608608,128,0.4710215628,
129,0.1298867762,129,0.9431278706,129,0.1867588758,129,-0.1502941549,129,0.4697983563,
130,0.1308812797,130,0.9445466995,130,0.18633461,130,-0.1539562643,130,0.4668627083,
131,0.1318755597,131,0.9450466037,131,0.1868289709,131,-0.1556652486,131,0.4671073258,
132,0.1328698993,132,0.9459433556,132,0.1869265437,132,-0.1585949361,132,0.4671073258,
133,0.1338642538,133,0.9469915628,133,0.1868727207,133,-0.1615246236,133,0.4656395018,
134,0.1348584294,134,0.9483548999,134,0.1865035295,134,-0.1646984518,134,0.4619698822,
135,0.1358527839,135,0.9488437176,135,0.1870090961,135,-0.1666515768,135,0.4629484713,
136,0.136847049,136,0.9497606754,136,0.1870863438,136,-0.1695812643,136,0.4627038538,
137,0.1378413141,137,0.9507390857,137,0.1871021986,137,-0.1722668111,137,0.4612359703,
138,0.1388355047,138,0.9523152113,138,0.1865202785,138,-0.1761730611,138,0.4578110278,
139,0.1398296207,139,0.9527582526,139,0.187071383,139,-0.1776379049,139,0.4578110278,
140,0.1408237219,140,0.9535391331,140,0.1872845888,140,-0.1803234518,140,0.4580557048,
141,0.141817674,141,0.9546092749,141,0.1872084141,141,-0.1834972799,141,0.4570771158,
142,0.1428116262,142,0.9559270144,142,0.1868846416,142,-0.1874035299,142,0.4558539093,
143,0.1438055784,143,0.9567099214,143,0.1870956421,143,-0.1891125143,143,0.4536521733,
144,0.1447994411,144,0.9574074745,144,0.1873919964,144,-0.1915539205,144,0.4538967907,
145,0.1457932293,145,0.958599329,145,0.1871938705,145,-0.1947277486,145,0.4519396722,
146,0.1467867941,146,0.9600176811,146,0.1867691278,146,-0.1979015768,146,0.4482701123,
147,0.1477804184,147,0.9605970383,147,0.1871833801,147,-0.1998547018,147,0.4482701123,
148,0.1487738937,148,0.9612141252,148,0.1875597835,148,-0.2020519674,148,0.4485147297,
149,0.1497671306,149,0.9624834061,149,0.1872837543,149,-0.2054699361,149,0.4465576112,
150,0.1507602036,150,0.9639532566,150,0.1868069172,150,-0.2086437643,150,0.4426434338,
151,0.1517531276,151,0.964281559,151,0.1874715686,151,-0.210108608,151,0.4433773458,
152,0.1527461261,152,0.9652093649,152,0.1875367761,152,-0.2132824361,152,0.4433773458,
153,0.1537391245,153,0.9663389325,153,0.1874002218,153,-0.2162121236,153,0.4414202273,
154,0.1547324359,154,0.9678257108,154,0.1869066954,154,-0.2193859518,154,0.4375059903,
155,0.1557255089,155,0.9684283137,155,0.187297225,155,-0.2213390768,155,0.4372613728,
156,0.1567184329,156,0.9691340923,156,0.1875843406,156,-0.223780483,156,0.4372613728,
157,0.1577114314,157,0.9701987505,157,0.1875126958,157,-0.2264660299,157,0.4353042543,
158,0.158704266,158,0.9716572762,158,0.1870470047,158,-0.2301281393,158,0.4326132238,
159,0.1596971005,159,0.9721193314,159,0.1875777841,159,-0.2313488424,159,0.4318793118,
160,0.1606898606,160,0.9729241133,160,0.1877657175,160,-0.2340343893,160,0.4316346347,
161,0.1616825461,161,0.9742081761,161,0.18747437,161,-0.2372082174,161,0.4291882217,
162,0.1626751423,162,0.975630641,162,0.1870445013,162,-0.2398937643,162,0.4250293672,
163,0.1636676639,163,0.9760067463,163,0.1876609325,163,-0.241358608,163,0.4252740443,
164,0.1646601111,164,0.976970911,164,0.1876891851,164,-0.2447765768,164,0.4252740443,
165,0.1656524688,165,0.97807163,165,0.1875808239,165,-0.2477062643,165,0.4235615432,
166,0.1666449159,166,0.9794836044,166,0.1871613264,166,-0.2501476705,166,0.4191580117,
167,0.1676372737,167,0.9799064398,167,0.1877308488,167,-0.2521007955,167,0.4198919833,
168,0.1686297208,168,0.9808701277,168,0.1877595782,168,-0.2552746236,168,0.4194026887,
169,0.169622153,169,0.9821531773,169,0.1874690056,169,-0.2579601705,169,0.4162223637,
170,0.1706146002,170,0.983460784,170,0.1871538162,170,-0.2604015768,170,0.4125528038,
171,0.1716070324,171,0.9838886261,171,0.1877183914,171,-0.2621105611,171,0.4127974212,
172,0.1725995541,172,0.9847961068,172,0.1878034472,172,-0.264796108,172,0.4118188918,
173,0.1735918373,173,0.9861841202,173,0.187407732,173,-0.2684582174,173,0.4096170962,
174,0.1745842844,174,0.9874837399,174,0.1871005297,174,-0.2711437643,174,0.4064367712,
175,0.1755765676,175,0.9879686832,175,0.1876078844,175,-0.272608608,175,0.4059475362,
176,0.1765688509,176,0.9888706207,176,0.187698245,176,-0.2752941549,176,0.4049689472,
177,0.1775608957,177,0.9900206327,177,0.1875402927,177,-0.2777355611,177,0.4022779167,
178,0.1785527766,178,0.9914691448,178,0.187083602,178,-0.280421108,178,0.3983636796,
179,0.179544434,179,0.9916836023,179,0.1878608465,179,-0.2813976705,179,0.3986083567,
180,0.1805360764,180,0.9926466942,180,0.1878893971,180,-0.284327358,180,0.3976297677,
181,0.1815278828,181,0.9939508438,181,0.1875770092,181,-0.2875011861,181,0.3951834142,
182,0.1825198531,182,0.9952990413,182,0.1872208118,182,-0.2892101705,182,0.3905352652,
183,0.1835119724,183,0.9956524372,183,0.1878595352,183,-0.2909191549,183,0.3910245001,
184,0.1845039427,184,0.9966244698,184,0.1878794432,184,-0.294092983,184,0.3902905881,
185,0.1854956597,185,0.9978516698,185,0.1876440048,185,-0.2967785299,185,0.3875995576,
186,0.1864877939,186,0.9993625879,186,0.187125206,186,-0.2992199361,186,0.3831960857,
187,0.1874798387,187,0.9996278286,187,0.187852025,187,-0.3004406393,187,0.3834407032,
188,0.188471958,188,0.0004644989967,188,0.188007459,188,-0.3031261861,188,0.3827067912,
189,0.1894639283,189,0.001808673143,189,0.1876552552,189,-0.3060558736,189,0.3797711432,
190,0.1904558837,190,0.00317299366,190,0.1872828901,190,-0.3082531393,190,0.3758569062,
191,0.191447854,191,0.003666222095,191,0.1877816319,191,-0.3102062643,191,0.3758569062,
192,0.1924397349,192,0.004595458508,192,0.1878442764,192,-0.3128918111,192,0.3746336997,
193,0.1934315413,193,0.005760937929,193,0.1876706034,193,-0.3150890768,193,0.3716980517,
194,0.1944231093,194,0.007183641195,194,0.1872394681,194,-0.3170422018,194,0.3672945201,
195,0.1954146773,195,0.007614910603,195,0.1877997667,195,-0.3189953268,195,0.3675391376,
196,0.1964061707,196,0.008598655462,196,0.1878075153,196,-0.3219250143,196,0.3663159311,
197,0.1973978132,197,0.009777873755,197,0.1876199394,197,-0.3243664205,197,0.3636249006,
198,0.1983893812,198,0.0112118423,198,0.1871775389,198,-0.3260754049,198,0.3589768112,
199,0.1993811131,199,0.01145389676,199,0.1879272163,199,-0.327296108,199,0.3592214286,
200,0.2003725171,200,0.01231795549,200,0.1880545616,200,-0.3299816549,200,0.3582428396,
201,0.2013641745,201,0.0137784183,201,0.1875857562,201,-0.3326672018,201,0.3545732796,
202,0.202355817,202,0.01512554288,202,0.1872302741,202,-0.3346203268,202,0.3506590426,
203,0.2033474594,203,0.01558598876,203,0.1877614707,203,-0.3363293111,203,0.3504144251,
204,0.2043391168,204,0.01643928885,204,0.187899828,204,-0.3387707174,204,0.3491912186,
205,0.2053305954,205,0.01785168052,205,0.1874789149,205,-0.3414562643,205,0.3457662761,
206,0.2063222528,206,0.01921188831,206,0.1871103644,206,-0.3431652486,206,0.3416074216,
207,0.2073138207,207,0.01943749189,207,0.1878763288,207,-0.3443859518,207,0.3418520391,
208,0.2083052993,208,0.02034196258,208,0.1879633367,208,-0.346827358,208,0.3403842151,
209,0.2092964798,209,0.02187329531,209,0.1874231845,209,-0.3497570455,209,0.3367145956,
210,0.2102876455,210,0.02313503623,210,0.1871526092,210,-0.3512218893,210,0.3328003585,
211,0.2112789005,211,0.02340728045,211,0.1878716201,211,-0.352686733,211,0.3330450356,
212,0.2122703046,212,0.02453646064,212,0.1877338439,212,-0.3553722799,212,0.33084324,
213,0.2132617235,213,0.02585595846,213,0.1874057651,213,-0.3573254049,213,0.3271736801,
214,0.2142532915,214,0.02713337541,214,0.1871199161,214,-0.3587902486,214,0.323259443,
215,0.2152450085,215,0.02745577693,215,0.1877892315,215,-0.3602550924,215,0.323259443,
216,0.2162365764,216,0.02851596475,216,0.1877206117,216,-0.3631847799,216,0.3215470016,
217,0.2172283828,217,0.02973148227,217,0.1874969006,217,-0.3648937643,217,0.3181219995,
218,0.2182199508,218,0.03106537461,218,0.1871545762,218,-0.3668468893,218,0.3144524395,
219,0.2192115188,219,0.03155311942,219,0.1876583993,219,-0.3685558736,219,0.313963145,
220,0.2202033252,220,0.03251045942,220,0.1876928657,220,-0.3707531393,220,0.3120060265,
221,0.2211948931,221,0.03384801745,221,0.1873468757,221,-0.3727062643,221,0.3083364666,
222,0.222186625,222,0.03507691622,222,0.1871097088,222,-0.3744152486,222,0.3049115241,
223,0.223178193,223,0.0355181098,223,0.1876600832,223,-0.3756359518,223,0.3041776121,
224,0.2241696864,224,0.03647327423,224,0.1876964122,224,-0.3778332174,224,0.3022204936,
225,0.2251610905,225,0.03785532713,225,0.1873057634,225,-0.3802746236,225,0.2987955511,
226,0.226152584,226,0.03905636072,226,0.1870962232,226,-0.3814953268,226,0.2951259315,
227,0.2271441519,227,0.03946423531,227,0.1876799166,227,-0.3832043111,227,0.294881314,
228,0.2281356454,228,0.04054290056,228,0.1875927448,228,-0.3854015768,228,0.292434901,
229,0.229127124,229,0.04194286466,229,0.1871842593,229,-0.3875988424,229,0.288765341,
230,0.2301184535,230,0.04299449921,230,0.1871239543,230,-0.3883312643,230,0.2853403389,
231,0.2311100215,231,0.04357036948,231,0.187539652,231,-0.3902843893,231,0.284606427,
232,0.2321012765,232,0.04458209872,232,0.1875191778,232,-0.3924816549,232,0.282404691,
233,0.2330926061,233,0.0459395349,233,0.1871530712,233,-0.3944347799,233,0.278735131,
234,0.2340839356,234,0.04716202617,234,0.1869219095,234,-0.395655483,234,0.2750655115,
235,0.2350752652,235,0.04761585593,235,0.1874594092,235,-0.3973644674,235,0.2745762169,
236,0.2360667586,236,0.04855665565,236,0.187510103,236,-0.399561733,236,0.2726190984,
237,0.2370581627,237,0.04989489913,237,0.1871632636,237,-0.4010265768,237,0.268704921,
238,0.2380494922,238,0.05105915666,238,0.1869903356,238,-0.4022472799,238,0.2652799189,
239,0.2390408218,239,0.05163869262,239,0.1874021292,239,-0.4039562643,239,0.2643013895,
240,0.2400322407,240,0.05259776115,240,0.1874344796,240,-0.4059093893,240,0.2620996535,
241,0.2410234064,241,0.05392012,241,0.1871032864,241,-0.4076183736,241,0.2584300339,
242,0.242014572,242,0.05498018861,242,0.1870343834,242,-0.4085949361,242,0.2552497089,
243,0.243005991,243,0.0555523634,243,0.1874536276,243,-0.4103039205,243,0.2542711794,
244,0.243997395,244,0.05668711662,244,0.1873102784,244,-0.4125011861,244,0.2515801489,
245,0.2449891269,245,0.05790284276,245,0.1870862842,245,-0.4139660299,245,0.2481552064,
246,0.2459808439,246,0.05909660459,246,0.1868842393,246,-0.4144543111,246,0.2442409694,
247,0.2469728142,247,0.05956274271,247,0.1874100715,247,-0.4164074361,247,0.2437516749,
248,0.2479646951,248,0.06044405699,248,0.1875206381,248,-0.4183605611,248,0.2417945564,
249,0.2489567399,249,0.06199264526,249,0.1869640946,249,-0.4205578268,249,0.2376357019,
250,0.2499486357,250,0.06312763691,250,0.1868209988,250,-0.421046108,250,0.2339661419,
251,0.2509407401,251,0.06368342042,251,0.1872573197,251,-0.4227550924,251,0.2329875529,
252,0.2519327104,252,0.06469362974,252,0.1872390807,252,-0.4242199361,252,0.2302965224,
253,0.2529249191,253,0.06598857045,253,0.1869363487,253,-0.4256847799,253,0.2266269624,
254,0.253916949,254,0.06710213423,254,0.1868148148,254,-0.4264172018,254,0.2232020199,
255,0.2549090087,255,0.0676125288,255,0.1872964799,255,-0.4278820455,255,0.2222234309,
256,0.2559010386,256,0.0686969161,256,0.1872041225,256,-0.4298351705,256,0.2195324004,
257,0.2568930984,257,0.07003125548,257,0.1868618429,257,-0.4315441549,257,0.2158628404,
258,0.2578851283,258,0.07115167379,258,0.1867334545,258,-0.4322765768,258,0.2124378383,
259,0.258877188,259,0.07161912322,259,0.1872580647,259,-0.4334972799,259,0.2114593089,
260,0.2598693967,260,0.0727711916,260,0.1870982051,260,-0.4354504049,260,0.2085236609,
261,0.2608614266,261,0.07328110933,261,0.1875803173,261,-0.4354504049,261,0.2068111598,
262,0.2618535459,262,0.0749899745,262,0.1868635714,262,-0.436671108,262,0.2016737163,
263,0.2628455162,263,0.07563313842,263,0.1872123778,263,-0.4381359518,263,0.2002058923,
264,0.2638376355,264,0.07667556405,264,0.1871620715,264,-0.4398449361,264,0.1975148618,
265,0.2648296058,265,0.07801145315,265,0.1868181527,265,-0.4415539205,265,0.1938453019,
266,0.2658217251,266,0.07911336422,266,0.1867083609,266,-0.4420422018,266,0.1904203594,
267,0.2668136954,267,0.07967543602,267,0.1871382594,267,-0.4435070455,267,0.1891971529,
268,0.2678058147,268,0.08071267605,268,0.1870931387,268,-0.4452160299,268,0.1865061224,
269,0.2687978745,269,0.08192378283,269,0.1868740916,269,-0.4459484518,269,0.1828365028,
270,0.2697900832,270,0.08306342363,270,0.1867266595,270,-0.4466808736,270,0.1794115603,
271,0.2707820237,271,0.08366343379,271,0.1871185899,271,-0.4479015768,271,0.1779437363,
272,0.2717740834,272,0.08474233747,272,0.1870317459,272,-0.4493664205,272,0.1750080287,
273,0.2727660537,273,0.08609306812,273,0.1866729856,273,-0.4505871236,273,0.1710938513,
274,0.2737580836,274,0.0870295465,274,0.1867285371,274,-0.4508312643,274,0.1681581438,
275,0.2747500539,275,0.08767268062,275,0.1870773733,275,-0.4518078268,275,0.1664457023,
276,0.2757420242,276,0.08874979615,276,0.186992228,276,-0.4532726705,276,0.1635099947,
277,0.2767339945,277,0.08897796273,277,0.1877560318,277,-0.4532726705,277,0.1627760828,
278,0.2777258754,278,0.09091731906,278,0.1868085563,278,-0.454249233,278,0.1569047272,
279,0.2787178457,279,0.09158447385,279,0.1871333718,279,-0.4554699361,279,0.1551922858,
280,0.2797095776,280,0.09268432856,280,0.187025249,280,-0.4571789205,280,0.1522565782,
281,0.2807016075,281,0.09391188622,281,0.1867897213,281,-0.4579113424,281,0.1485870183,
282,0.2816935778,282,0.09506446123,282,0.1866291165,282,-0.4586437643,282,0.1451620758,
283,0.2826858461,283,0.09562435746,283,0.1870614886,283,-0.4596203268,283,0.1436942518,
284,0.2836782336,284,0.09664657712,284,0.1870316565,284,-0.4605968893,284,0.1407585442,
285,0.2846707404,285,0.09797844291,285,0.1866922975,285,-0.4615734518,285,0.1368443072,
286,0.2856632769,286,0.0989883244,286,0.1866749525,286,-0.4615734518,286,0.1336640418,
287,0.2866558731,287,0.09962242842,287,0.1870334446,287,-0.4625500143,287,0.1319515407,
288,0.2876484692,288,0.1005886495,288,0.1870598197,288,-0.4637707174,288,0.1292605102,
289,0.2886412144,289,0.1019220054,289,0.186719209,289,-0.4647472799,289,0.1253462732,
290,0.2896338999,290,0.1030173898,290,0.1866165102,290,-0.4647472799,290,0.1219213307,
291,0.2906266749,291,0.1036272943,291,0.1869993806,291,-0.4654797018,291,0.1202088892,
292,0.291619271,292,0.1046486795,292,0.1869705915,292,-0.4664562643,292,0.1172731817,
293,0.2926121056,293,0.1054526269,293,0.1871594787,293,-0.4676769674,293,0.1150714457,
294,0.2936047912,294,0.1069706976,294,0.1866340935,294,-0.4669445455,294,0.1101786792,
295,0.2945976257,295,0.1076155007,295,0.186982125,295,-0.4681652486,295,0.1084661782,
296,0.2955903709,296,0.1085915864,296,0.1869987845,296,-0.4696300924,296,0.1057751477,
297,0.2965832055,297,0.1098905206,297,0.1866926849,297,-0.4701183736,297,0.1018609107,
298,0.2975760698,298,0.1109037101,298,0.1866723597,298,-0.469874233,298,0.09868058562,
299,0.298568964,299,0.111541301,299,0.187027663,299,-0.4710949361,299,0.09696814418,
300,0.299561888,300,0.112636447,300,0.186925441,300,-0.4720714986,300,0.09378781915,
301,0.3005547225,301,0.11385867,301,0.1866960526,301,-0.4725597799,301,0.09011825919,
302,0.3015477359,302,0.1149586141,302,0.1865891218,302,-0.4723156393,302,0.08669325709,
303,0.3025406301,303,0.1156398952,303,0.1869007349,303,-0.4730480611,303,0.08473619819,
304,0.3035337329,304,0.1166254282,304,0.1869083047,304,-0.4735363424,304,0.08180049062,
305,0.3045267165,305,0.1179570854,305,0.1865696311,305,-0.4745129049,305,0.0778862536,
306,0.3055197299,306,0.1188662648,306,0.186653465,306,-0.4735363424,306,0.07495060563,
307,0.3065127134,307,0.1195330918,307,0.1869796216,307,-0.4740246236,307,0.07299348712,
308,0.307505697,308,0.1205559075,308,0.1869497895,308,-0.4752453268,308,0.07005783916,
309,0.3084987998,309,0.1218603551,309,0.1866384447,309,-0.4774425924,309,0.06638821959,
310,0.3094918728,310,0.1227949262,310,0.1866969466,310,-0.4750011861,310,0.06320789456,
311,0.3104849458,311,0.123400569,311,0.1870843768,311,-0.4759777486,311,0.06149545312,
312,0.3114781082,312,0.1243259013,312,0.1871522069,312,-0.4769543111,312,0.05880442262,
313,0.3124712408,313,0.1258645952,313,0.1866066456,313,-0.4771984518,313,0.0541562736,
314,0.3134643435,314,0.1267338395,314,0.186730504,314,-0.4767101705,314,0.0514652431,
315,0.3144575655,315,0.1275582314,315,0.1868993342,315,-0.4771984518,315,0.04901883006,
316,0.3154507875,316,0.1285510361,316,0.1868997514,316,-0.4779308736,316,0.0460831821,
317,0.3164441884,317,0.1299313605,317,0.1865128279,317,-0.4781750143,317,0.04192432761,
318,0.3174374998,318,0.1307331324,318,0.1867043674,318,-0.4779308736,318,0.03947791457,
319,0.3184308112,319,0.1313933432,319,0.187037468,319,-0.4784191549,319,0.03752079606,
320,0.319424212,320,0.1324685514,320,0.1869556606,320,-0.4793957174,320,0.03434047103,
321,0.3204177022,321,0.1337672472,321,0.186650455,321,-0.479639858,321,0.03042623401,
322,0.3214111626,322,0.1348003447,322,0.1866108179,322,-0.4786632955,322,0.02724596858,
323,0.3224046528,323,0.1353680193,323,0.1870366335,323,-0.4786632955,323,0.02553346753,
324,0.3233983517,324,0.13635692,324,0.1870414317,324,-0.479639858,324,0.02259781957,
325,0.3243919909,325,0.1379954219,325,0.186396569,325,-0.4811047018,325,0.01770499349,
326,0.3253856897,326,0.1386128664,326,0.1867728233,326,-0.4784191549,326,0.01574787498,
327,0.32637918,327,0.1392703354,327,0.1871088445,327,-0.4791515768,327,0.01379075646,
328,0.3273728788,328,0.140414238,328,0.1869586408,328,-0.4801281393,328,0.01036581397,
329,0.3283666074,329,0.1417080462,329,0.1866585612,329,-0.4793957174,329,0.00645160675,
330,0.3293602169,330,0.1426007152,330,0.1867595017,330,-0.4791515768,330,0.003760576248,
331,0.3303539455,331,0.1432510614,331,0.1871028841,331,-0.4793957174,331,0.001803457737,
332,0.3313475847,332,0.1443873644,332,0.1869602203,332,-0.4801281393,332,-0.001621484756,
333,0.3323412836,333,0.145765841,333,0.1865754426,333,-0.4801281393,333,-0.005780369043,
334,0.3333348334,334,0.1466648579,334,0.1866699755,334,-0.4789074361,334,-0.008471399546,
335,0.3343284726,335,0.1473132372,335,0.1870152354,335,-0.4791515768,335,-0.01042848825,
336,0.3353221714,336,0.148447752,336,0.1868744195,336,-0.4793957174,336,-0.01385346055,
337,0.3363158107,337,0.1495894194,337,0.1867263913,337,-0.4789074361,337,-0.01727840304,
338,0.3373095393,338,0.1505773067,338,0.1867322326,338,-0.4779308736,338,-0.02021408081,
339,0.3383030891,339,0.1511390209,339,0.1871640682,339,-0.4784191549,339,-0.02192655206,
340,0.339296788,340,0.1522669792,340,0.1870298088,340,-0.4789074361,340,-0.02535149455,
341,0.3402905166,341,0.1538672447,341,0.1864232719,341,-0.4798839986,341,-0.03024429083,
342,0.3412842155,342,0.1543296576,342,0.1869545579,342,-0.4771984518,342,-0.03146746755,
343,0.3422779143,343,0.1552056074,343,0.1870723069,343,-0.4779308736,343,-0.03415849805,
344,0.3432717323,344,0.1563333869,344,0.1869383454,344,-0.4781750143,344,-0.03758347034,
345,0.3442655206,345,0.1574124098,345,0.1868531108,345,-0.4771984518,345,-0.04076376557,
346,0.3452592194,346,0.1584945917,346,0.1867646277,346,-0.4762218893,346,-0.0439440906,
347,0.3462530077,347,0.1591351032,347,0.1871179044,347,-0.4764660299,347,-0.04590120912,
348,0.3472468853,348,0.1602594852,348,0.1869874001,348,-0.4767101705,348,-0.04932615161,
349,0.3482407629,349,0.1615784168,349,0.1866623461,349,-0.4759777486,349,-0.05324035883,
350,0.3492347896,350,0.1624141335,350,0.1868206561,350,-0.4752453268,350,-0.05568677187,
351,0.3502287269,351,0.1632218361,351,0.1870068908,351,-0.4752453268,351,-0.05813315511,
352,0.3512229323,352,0.1642702818,352,0.1869526505,352,-0.4752453268,352,-0.06131348014,
353,0.352217108,353,0.1650221348,353,0.1871949732,353,-0.4728039205,353,-0.06327056885,
354,0.3532113135,354,0.1662923098,354,0.1869190037,354,-0.4732922018,354,-0.06718480587,
355,0.3542057276,355,0.1671667695,355,0.1870389581,355,-0.4735363424,355,-0.06987583637,
356,0.3551999032,356,0.1681438684,356,0.1870560348,356,-0.4732922018,356,-0.07281151414,
357,0.3561943471,357,0.1696815491,357,0.1865127981,357,-0.4730480611,357,-0.07745966315,
358,0.35718894,358,0.1702827811,358,0.1869061589,358,-0.4708507955,358,-0.07892748713,
359,0.3581833541,359,0.1709923148,359,0.1871910393,359,-0.4710949361,359,-0.08112925291,
360,0.359177947,360,0.17208606,360,0.187091887,360,-0.4715832174,360,-0.0845541954,
361,0.3601724505,361,0.1727560759,361,0.1874163747,361,-0.4684093893,361,-0.08602201939,
362,0.3611670136,362,0.1743302345,362,0.1868367791,362,-0.4688976705,362,-0.09091481566,
363,0.362161696,363,0.175049901,363,0.1871117949,363,-0.4688976705,363,-0.09311658144,
364,0.3631565273,364,0.1762464046,364,0.1869101226,364,-0.4688976705,364,-0.0967861712,
365,0.3641513288,365,0.177365005,365,0.1867863238,365,-0.4676769674,365,-0.09996646643,
366,0.3651460707,366,0.178229928,366,0.1869161427,366,-0.4667004049,366,-0.1024128497,
367,0.366140902,367,0.1789633036,367,0.1871775985,367,-0.4664562643,367,-0.1046146154,
368,0.3671358228,368,0.1801717281,368,0.1869640946,368,-0.4662121236,368,-0.1082842052,
369,0.3681307137,369,0.1806746721,369,0.1874560416,369,-0.4637707174,369,-0.1092627645,
370,0.3691256046,370,0.1822018623,370,0.1869237423,370,-0.4635265768,370,-0.1139109135,
371,0.3701206744,371,0.1828349829,371,0.1872856915,371,-0.4635265768,371,-0.115868032,
372,0.3711155951,372,0.1841380596,372,0.1869775355,372,-0.4630382955,372,-0.1197822392,
373,0.3721105754,373,0.1852811575,373,0.1868294179,373,-0.4625500143,373,-0.1232072115,
374,0.3731056154,374,0.1860220432,374,0.1870835721,374,-0.4603527486,374,-0.1249196827,
375,0.3741005957,375,0.1867870092,375,0.1873135865,375,-0.4605968893,375,-0.127366066,
376,0.3750956655,376,0.1879509091,376,0.1871447563,376,-0.4598644674,376,-0.1307910085,
377,0.3760906458,377,0.1885675192,377,0.1875231266,377,-0.4574230611,377,-0.132014215,
378,0.3770855665,378,0.1900014877,378,0.1870840788,378,-0.4571789205,378,-0.1364177167,
379,0.3780805469,379,0.1908602715,379,0.1872202754,379,-0.4571789205,379,-0.1391087472,
380,0.3790754378,380,0.1918663979,380,0.1872090399,380,-0.4564464986,380,-0.142044425,
381,0.3800704181,381,0.1930198669,381,0.1870505512,381,-0.454249233,381,-0.1449801028,
382,0.381065309,382,0.1938719749,382,0.1871933341,382,-0.4535168111,382,-0.147426486,
383,0.3820603192,383,0.1948532462,383,0.187207073,383,-0.4530285299,383,-0.1503621638,
384,0.3830552101,384,0.195935905,384,0.1871193051,384,-0.452296108,384,-0.153542459,
385,0.3840501904,385,0.1966584921,385,0.1873916984,385,-0.4513195455,385,-0.1554995775,
386,0.3850452602,386,0.1978251934,386,0.1872200668,386,-0.4491222799,386,-0.1584352553,
387,0.3860403895,387,0.1986991763,387,0.1873412132,387,-0.4488781393,387,-0.1611262858,
388,0.3870354593,388,0.1998282671,388,0.1872071922,388,-0.448389858,388,-0.1645512283,
389,0.388030678,389,0.2010492086,389,0.1869814694,389,-0.446436733,389,-0.1677315533,
390,0.3890258074,390,0.2017389536,390,0.1872868538,390,-0.444483608,390,-0.1691993773,
391,0.3900209665,391,0.2028073072,391,0.1872136593,391,-0.444483608,391,-0.1726243198,
392,0.3910162449,392,0.2038084269,392,0.187207818,392,-0.4437511861,392,-0.1755599976,
393,0.392011553,393,0.2046415806,393,0.1873699725,393,-0.442530483,393,-0.1777617633,
394,0.3930070102,394,0.2058262825,394,0.1871807277,394,-0.4403332174,394,-0.1806974411,
395,0.3940024078,395,0.2067196965,395,0.1872827113,395,-0.4398449361,395,-0.1833884716,
396,0.394997865,396,0.2078248262,396,0.1871730387,396,-0.4388683736,396,-0.1865687668,
397,0.3959933817,397,0.2088227272,397,0.1871706545,397,-0.4364269674,397,-0.1887705326,
398,0.3969890177,398,0.2098537087,398,0.187135309,398,-0.4354504049,398,-0.1917061806,
399,0.3979846239,399,0.2107422352,399,0.1872423887,399,-0.4349621236,399,-0.1943972111,
400,0.3989802301,400,0.2118780613,400,0.1871021688,400,-0.4337414205,400,-0.1975775361,
401,0.3999759555,401,0.212836206,401,0.1871397495,401,-0.4332531393,401,-0.2005132139,
402,0.4009717107,402,0.2139512897,402,0.187020421,402,-0.4300793111,402,-0.2027149498,
403,0.4019674063,403,0.2147992849,403,0.1871681213,403,-0.4298351705,403,-0.2054059803,
404,0.4029631913,404,0.2160044909,404,0.1869587004,404,-0.4281261861,404,-0.2085863054,
405,0.4039589763,405,0.217174232,405,0.1867847443,405,-0.4266613424,405,-0.2117666006,
406,0.4049549103,406,0.217942059,406,0.1870128512,406,-0.4244640768,406,-0.2132344544,
407,0.4059508443,407,0.2190026045,407,0.1869482398,407,-0.4237316549,407,-0.2164147496,
408,0.4069466889,408,0.2200247049,408,0.186921984,408,-0.4227550924,408,-0.2193504274,
409,0.4079427123,409,0.2210030556,409,0.1869396567,409,-0.4225109518,409,-0.2225307524,
410,0.4089386463,410,0.2220437527,410,0.1868948936,410,-0.419092983,410,-0.2242432237,
411,0.4099345803,411,0.2230246067,411,0.1869099736,411,-0.4183605611,411,-0.2271789014,
412,0.4109306633,412,0.2241920233,412,0.1867386401,412,-0.4168957174,412,-0.2303591967,
413,0.4119266868,413,0.2250117064,413,0.1869149804,413,-0.4127453268,413,-0.2308484614,
414,0.4129227698,414,0.2263299227,414,0.1865928471,414,-0.4129894674,414,-0.2354966104,
415,0.4139187932,415,0.2272026539,415,0.1867161393,415,-0.4120129049,415,-0.2379430234,
416,0.4149148166,416,0.2282270193,416,0.1866877973,416,-0.4105480611,416,-0.2406340539,
417,0.4159108996,417,0.229393363,417,0.1865175366,417,-0.4103039205,417,-0.2445482761,
418,0.4169069231,418,0.2302752733,418,0.1866316497,418,-0.4063976705,418,-0.2452821881,
419,0.4179030061,419,0.2312430143,419,0.1866599917,419,-0.4056652486,419,-0.2482178658,
420,0.4188992679,420,0.2323195934,420,0.1865796745,420,-0.4046886861,420,-0.251398176,
421,0.4198954403,421,0.2335152626,421,0.1863801777,421,-0.4022472799,421,-0.2540892065,
422,0.4208916128,422,0.2342807055,422,0.1866109073,422,-0.4002941549,422,-0.2555570602,
423,0.4218877852,423,0.2353975177,423,0.1864902675,423,-0.3990734518,423,-0.2587373555,
424,0.4228841066,424,0.2364192009,424,0.1864649057,424,-0.397608608,424,-0.261428386,
425,0.4238804579,425,0.2375533581,425,0.1863270998,425,-0.3973644674,425,-0.2653425932,
426,0.4248769283,426,0.2385525703,426,0.186324358,426,-0.3934582174,426,-0.2663211823,
427,0.4258732796,427,0.2395948172,427,0.1862784624,427,-0.3922375143,427,-0.2692568302,
428,0.4268698394,428,0.2405204773,428,0.1863493621,428,-0.3912609518,428,-0.2719478607,
429,0.4278661609,429,0.2414375544,429,0.1864286065,429,-0.3885754049,429,-0.2734156847,
430,0.4288625121,430,0.2426562309,430,0.1862062812,430,-0.3871105611,430,-0.276840657,
431,0.429858923,431,0.2436540723,431,0.1862048507,431,-0.3854015768,431,-0.2792870402,
432,0.4308554828,432,0.2445857525,432,0.1862697303,432,-0.3836925924,432,-0.281488806,
433,0.4318521321,433,0.245847106,433,0.1860050261,433,-0.3829601705,433,-0.2856476903,
434,0.4328487813,434,0.2467119694,434,0.186136812,434,-0.3792980611,434,-0.286136955,
435,0.43384552,435,0.2476611137,435,0.1861844063,435,-0.3778332174,435,-0.2885833383,
436,0.4348422289,436,0.2488175631,436,0.1860246658,436,-0.3766125143,436,-0.2920082808,
437,0.4358388782,437,0.2498856783,437,0.1859531999,437,-0.3739269674,437,-0.2939653993,
438,0.4368357062,438,0.2508559227,438,0.1859797835,438,-0.3717297018,438,-0.2959225178,
439,0.4378325045,439,0.2518532276,439,0.1859792769,439,-0.3700207174,439,-0.2983689308,
440,0.4388293028,440,0.252861321,440,0.1859679818,440,-0.3685558736,440,-0.3010599613,
441,0.4398261905,441,0.2540146112,441,0.1858115792,441,-0.3675793111,441,-0.3047295213,
442,0.4408230186,442,0.2550495267,442,0.1857734919,442,-0.3639172018,442,-0.3057081103,
443,0.4418198168,443,0.2559913397,443,0.1858284771,443,-0.362452358,443,-0.3081544638,
444,0.4428165555,444,0.2570998669,444,0.1857166886,444,-0.360499233,444,-0.3108454943,
445,0.4438135028,445,0.2580918074,445,0.1857216954,445,-0.3587902486,445,-0.3132919073,
446,0.4448105693,446,0.2592846155,446,0.1855259538,446,-0.3556164205,446,-0.3152490258,
447,0.4458073676,447,0.2601611614,447,0.1856462061,447,-0.3541515768,447,-0.3174507618,
448,0.4468043447,448,0.2611573935,448,0.1856469512,448,-0.352686733,448,-0.3201417923,
449,0.4478013813,449,0.2622107863,449,0.185590595,449,-0.3512218893,449,-0.3230774701,
450,0.4487983584,450,0.263166666,450,0.1856316924,450,-0.3478039205,450,-0.3238114119,
451,0.4497952461,451,0.2643866539,451,0.1854085922,451,-0.3456066549,451,-0.3267470598,
452,0.4507921338,452,0.2653170824,452,0.1854750514,452,-0.3441418111,452,-0.3291934729,
453,0.4517893195,453,0.2663584352,453,0.1854308844,453,-0.3421886861,453,-0.3316398561,
454,0.4527861476,454,0.2672196627,454,0.1855664849,454,-0.3395031393,454,-0.3326184154,
455,0.4537830949,455,0.2683774233,455,0.1854056716,455,-0.3373058736,455,-0.3353094459,
456,0.454780221,456,0.2694177628,456,0.1853624582,456,-0.3355968893,456,-0.3380004764,
457,0.4557772875,457,0.2703957558,457,0.1853815317,457,-0.3343761861,457,-0.3409361243,
458,0.4567743242,458,0.2713272572,458,0.185447067,458,-0.3309582174,458,-0.3414254189,
459,0.4577715397,459,0.2724812031,459,0.1852903366,459,-0.3287609518,459,-0.3441164494,
460,0.4587686658,460,0.2735144496,460,0.1852542162,460,-0.3270519674,460,-0.3468074799,
461,0.4597660303,461,0.2743657827,461,0.1854002476,461,-0.3260754049,461,-0.3494985104,
462,0.4607634544,462,0.2756087184,462,0.185154736,462,-0.3216808736,462,-0.3502324224,
463,0.4617609084,463,0.2764725089,463,0.1852883995,463,-0.3199718893,463,-0.3521895409,
464,0.4627582729,464,0.2777293921,464,0.1850288808,464,-0.3177746236,464,-0.3553698659,
465,0.4637558758,465,0.2785897255,465,0.1851661503,465,-0.3160656393,465,-0.3573269844,
466,0.4647536278,466,0.2797173262,466,0.1850363016,466,-0.3126476705,466,-0.3585501909,
467,0.4657514095,467,0.2806847095,467,0.1850667,467,-0.3109386861,467,-0.3609965444,
468,0.4667493999,468,0.2817732096,468,0.1849761903,468,-0.3087414205,468,-0.3634429574,
469,0.4677473307,469,0.2827122211,469,0.1850351095,469,-0.3063000143,469,-0.3649107814,
470,0.4687451422,470,0.2839046717,470,0.1848404706,470,-0.3028820455,470,-0.3663786352,
471,0.4697431624,471,0.2847396135,471,0.1850035489,471,-0.3016613424,471,-0.3688250184,
472,0.4707412422,472,0.2857726812,472,0.1849685609,472,-0.2994640768,472,-0.3710267544,
473,0.471739471,473,0.2867913842,473,0.1849480867,473,-0.2975109518,473,-0.3734731674,
474,0.4727376401,474,0.2878246307,474,0.1849130094,474,-0.2943371236,474,-0.3744517267,
475,0.4737359583,475,0.2888557911,475,0.1848801672,475,-0.292139858,475,-0.3766534925,
476,0.4747343361,476,0.2899842858,476,0.1847500503,476,-0.2899425924,476,-0.379344523,
477,0.4757327437,477,0.2908006907,477,0.1849320531,477,-0.2887218893,477,-0.3817909062,
478,0.47673136,478,0.2918741107,478,0.1848572493,478,-0.2850597799,478,-0.3822801709,
479,0.4777300954,479,0.2930314541,479,0.1846986413,479,-0.282374233,479,-0.3844819367,
480,0.4787287116,480,0.2940561771,480,0.1846725345,480,-0.2801769674,480,-0.3866837025,
481,0.4797275066,481,0.2949177027,481,0.184809804,481,-0.2782238424,481,-0.3883961439,
482,0.4807261527,482,0.2960554361,482,0.1846707165,482,-0.274561733,482,-0.3891300857,
483,0.4817243218,483,0.2971920371,483,0.1845322847,483,-0.2721203268,483,-0.3915764689,
484,0.4827232659,484,0.2979650497,484,0.1847582161,484,-0.270655483,484,-0.3935335875,
485,0.4837218225,485,0.2989128828,485,0.1848089397,485,-0.2682140768,485,-0.3950014114,
486,0.4847206771,486,0.3000413179,486,0.1846793592,486,-0.264796108,486,-0.3959799707,
487,0.4857190847,487,0.30121696,487,0.1845021248,487,-0.2623547018,487,-0.3986710012,
488,0.4867175519,488,0.3021631241,488,0.1845544279,488,-0.2604015768,488,-0.400872767,
489,0.487716198,489,0.3029500246,489,0.1847661734,489,-0.2586925924,489,-0.4025852382,
490,0.4887149036,490,0.304178834,490,0.1845360696,490,-0.2547863424,490,-0.4033191502,
491,0.4897134602,491,0.3052064776,491,0.1845069826,491,-0.2528332174,491,-0.4060101807,
492,0.4907121658,492,0.3062394857,492,0.1844726801,492,-0.2503918111,492,-0.4079672992,
493,0.4917110503,493,0.3070628643,493,0.184648186,493,-0.2486828268,493,-0.4099244177,
494,0.4927099347,494,0.3082877994,494,0.1844221354,494,-0.2445324361,494,-0.410169065,
495,0.4937086999,495,0.3093197346,495,0.1843889654,495,-0.2420910299,495,-0.4121261835,
496,0.4947074354,496,0.3102795482,496,0.1844278872,496,-0.2398937643,496,-0.4140832722,
497,0.4957060516,497,0.3112568855,497,0.1844491661,497,-0.2372082174,497,-0.4153064787,
498,0.496704787,498,0.3123061657,498,0.1843986213,498,-0.2342785299,498,-0.4165296853,
499,0.497703582,499,0.3134830594,499,0.1842205226,499,-0.231592983,499,-0.4189760685,
500,0.4987022877,500,0.3143258095,500,0.1843764782,500,-0.229639858,500,-0.4206885397,
501,0.4997010827,501,0.3152979612,501,0.1844031215,501,-0.2267101705,501,-0.4214224517,
502,0.5006998777,502,0.3165650368,502,0.184134841,502,-0.2230480611,502,-0.4226456583,
503,0.501698792,503,0.3175150156,503,0.1841837764,503,-0.2208507955,503,-0.4246027768,
504,0.5026977658,504,0.3185343742,504,0.1841633916,504,-0.2184093893,504,-0.4265598953,
505,0.5036967397,505,0.3193321824,505,0.1843645573,505,-0.2162121236,505,-0.4275384545,
506,0.5046958923,506,0.3206026554,506,0.1840932369,506,-0.2125500143,506,-0.4287616313,
507,0.505695343,507,0.3216177225,507,0.1840776205,507,-0.210108608,507,-0.4307187498,
508,0.5066949129,508,0.3223407269,508,0.1843541861,508,-0.2083996236,508,-0.4321866035,
509,0.507694602,509,0.323350668,509,0.1843439341,509,-0.2059582174,509,-0.4341436923,
510,0.5086942315,510,0.3245579004,510,0.1841363311,510,-0.2020519674,510,-0.4343883395,
511,0.5096939802,511,0.3256396055,511,0.1840543747,511,-0.1993664205,511,-0.436345458,
512,0.5106936097,512,0.3265042305,512,0.1841893792,512,-0.1971691549,512,-0.437813282,
513,0.51169312,513,0.3274165392,513,0.1842765808,513,-0.194483608,513,-0.438547194,
514,0.5126926899,514,0.3285535574,514,0.1841391325,514,-0.1910656393,514,-0.4392811358,
515,0.5136922598,515,0.329554975,515,0.1841372848,515,-0.188624233,515,-0.4412382245,
516,0.5146918297,516,0.3304586411,516,0.1842331886,516,-0.1861828268,516,-0.442461431,
517,0.5156915188,517,0.3312811852,517,0.1844103336,517,-0.1834972799,517,-0.442461431,
518,0.5166912675,518,0.3327729106,518,0.1839183569,518,-0.1793468893,518,-0.4441739023,
519,0.5176912546,519,0.3336161971,519,0.1840750575,519,-0.1773937643,519,-0.4461310208,
520,0.5186911821,520,0.3345308304,520,0.1841603518,520,-0.1751964986,520,-0.4480881393,
521,0.5196911097,521,0.3353426456,521,0.184348464,521,-0.1727550924,521,-0.448577404,
522,0.520691216,522,0.3365631104,522,0.1841281056,522,-0.169092983,522,-0.4493113458,
523,0.5216914415,523,0.3375668526,523,0.184124589,523,-0.1664074361,523,-0.4507791698,
524,0.5226915479,524,0.3384168148,524,0.1842747331,524,-0.1642101705,524,-0.4522469938,
525,0.5236917734,525,0.3392590284,525,0.184432745,525,-0.1617687643,525,-0.4529809356,
526,0.5246919394,526,0.3404297829,526,0.1842621565,526,-0.1581066549,526,-0.453225553,
527,0.5256921649,527,0.341506362,527,0.1841858029,527,-0.1551769674,527,-0.4546934068,
528,0.5266922712,528,0.342351079,528,0.1843411922,528,-0.1529797018,528,-0.4561612308,
529,0.5276924968,529,0.3431433439,529,0.1845491529,529,-0.1505382955,529,-0.4564058781,
530,0.5286928415,530,0.3443971872,530,0.1842956543,530,-0.1468761861,530,-0.4573844373,
531,0.5296933651,531,0.3455172777,531,0.1841760874,531,-0.1439464986,531,-0.4593415558,
532,0.5306940675,532,0.346282959,532,0.1844111085,532,-0.141749233,532,-0.4600754678,
533,0.5316948295,533,0.347031951,533,0.1846628785,533,-0.1393078268,533,-0.4598308206,
534,0.5326955914,534,0.3483877182,534,0.1843078732,534,-0.1354015768,534,-0.4610540271,
535,0.5336962938,535,0.3493214846,535,0.1843748093,535,-0.1329601705,535,-0.4627664983,
536,0.534696877,536,0.3501859903,536,0.1845108867,536,-0.1305187643,536,-0.4637450576,
537,0.5356975794,537,0.3509418368,537,0.1847557425,537,-0.128077358,537,-0.4635004103,
538,0.5366983414,538,0.3522382975,538,0.1844600439,538,-0.1244152486,538,-0.4649682343,
539,0.5376992822,539,0.3531792164,539,0.1845200658,539,-0.1217297018,539,-0.4659467936,
540,0.538700223,540,0.3540610075,540,0.1846392155,540,-0.1192882955,540,-0.4671700001,
541,0.5397010446,541,0.3548038006,541,0.184897244,541,-0.1170910299,541,-0.4676592946,
542,0.5407021642,542,0.3560952544,542,0.1846069098,542,-0.1131847799,542,-0.4681485593,
543,0.5417033434,543,0.3571486473,543,0.1845546961,543,-0.1102550924,543,-0.4696163833,
544,0.5427045226,544,0.3578490019,544,0.1848555207,544,-0.1083019674,544,-0.4705949426,
545,0.5437057614,545,0.3586339951,545,0.1850717664,545,-0.1058605611,545,-0.4705949426,
546,0.5447071195,546,0.3600685596,546,0.1846385598,546,-0.1014660299,546,-0.4708395898,
547,0.5457086563,547,0.3609244823,547,0.184784174,547,-0.09902462363,547,-0.4718181491,
548,0.5467100739,548,0.3617464304,548,0.1849636436,548,-0.09658321738,548,-0.4723074138,
549,0.5477116704,549,0.3626794815,549,0.1850321889,549,-0.09365352988,549,-0.4720627964,
550,0.5487132072,550,0.3638352752,550,0.1848779321,550,-0.09023556113,550,-0.4727967083,
551,0.5497149825,551,0.3649051189,551,0.1848098636,551,-0.08730587363,551,-0.4747538269,
552,0.5507166386,552,0.3656608462,552,0.1850557923,552,-0.08510860801,552,-0.4754877388,
553,0.5517183542,553,0.3666120172,553,0.1851063371,553,-0.08217892051,553,-0.4754877388,
554,0.5527200699,554,0.3676446676,554,0.1850754023,554,-0.07900509238,554,-0.4754877388,
555,0.553722024,555,0.3687558174,555,0.1849662066,555,-0.07583126426,555,-0.4769555628,
556,0.5547239184,556,0.3696427941,556,0.1850811243,556,-0.07314571738,556,-0.4772002101,
557,0.5557258129,557,0.370403409,557,0.1853224039,557,-0.07070431113,557,-0.4764662981,
558,0.5567278862,558,0.3717951775,558,0.1849327087,558,-0.06655392051,558,-0.4772002101,
559,0.5577298403,559,0.3726373911,559,0.1850924492,559,-0.06411251426,559,-0.4781787694,
560,0.5587317944,560,0.3734773993,560,0.185254395,560,-0.06167110801,560,-0.4791573286,
561,0.5597337484,561,0.3743357658,561,0.1853979826,561,-0.05898556113,561,-0.4786680341,
562,0.5607360005,562,0.3757148981,562,0.1850211024,562,-0.05483517051,562,-0.4791573286,
563,0.5617383718,563,0.3766307831,563,0.1851075888,563,-0.05214962363,563,-0.4801358879,
564,0.5627408624,564,0.3772793412,564,0.1854615211,564,-0.05019649863,564,-0.4803805351,
565,0.5637434125,565,0.3781440854,565,0.1855993271,565,-0.04751095176,565,-0.4798912406,
566,0.564745903,566,0.3795300722,566,0.1852158308,566,-0.04336056113,566,-0.4806251526,
567,0.5657482743,567,0.3805199265,567,0.1852283478,567,-0.04043087363,567,-0.4816037118,
568,0.566750586,568,0.3813277483,568,0.1854228377,568,-0.03798946738,568,-0.4818483591,
569,0.5677527785,569,0.3821979165,569,0.185554862,569,-0.03530392051,569,-0.4813590646,
570,0.5687552094,570,0.3834885359,570,0.1852666736,570,-0.03139767051,570,-0.4816037118,
571,0.5697577596,571,0.3843869567,571,0.1853708029,571,-0.02871212363,571,-0.4823376238,
572,0.5707602501,572,0.3852745891,572,0.185485661,572,-0.02602657676,572,-0.4825822711,
573,0.571762979,573,0.3860737085,573,0.1856892705,573,-0.02358517051,573,-0.4823376238,
574,0.572765708,574,0.387440443,574,0.1853252649,574,-0.01943477988,574,-0.4823376238,
575,0.5737684369,575,0.3883309364,575,0.1854375005,575,-0.01674923301,575,-0.4828269184,
576,0.5747714043,576,0.3891372681,576,0.1856341362,576,-0.01430782676,576,-0.4830715656,
577,0.5757744908,577,0.3900175095,577,0.1857569814,577,-0.01162227988,577,-0.4825822711,
578,0.576777637,578,0.3913053274,578,0.1854723096,578,-0.007716029882,578,-0.4825822711,
579,0.577780962,579,0.3922721148,579,0.1855088472,579,-0.004786342382,579,-0.4828269184,
580,0.578784287,580,0.3929959536,580,0.1857883334,580,-0.002589076757,580,-0.4825822711,
581,0.5797876716,581,0.3939622641,581,0.1858254075,581,0.0003406107426,581,-0.4820930064,
582,0.580791235,582,0.3953316212,582,0.1854596138,582,0.004491001368,582,-0.4823376238,
583,0.5817946196,583,0.3962164521,583,0.1855781674,583,0.007176548243,583,-0.4825822711,
584,0.5827983618,584,0.3971018791,584,0.1856964827,584,0.009862095118,584,-0.4825822711,
585,0.5838020444,585,0.3979066014,585,0.185895443,585,0.01230350137,585,-0.4825822711,
586,0.5848057866,586,0.3992714286,586,0.185534358,586,0.01645389199,586,-0.4828269184,
587,0.585809648,587,0.4002390504,587,0.1855705976,587,0.01938357949,587,-0.4825822711,
588,0.5868136883,588,0.4010391235,588,0.1857745647,588,0.02182498574,588,-0.4828269184,
589,0.5878177285,589,0.4017658234,589,0.1860519052,589,0.02402225137,589,-0.4825822711,
590,0.5888217688,590,0.4035562873,590,0.1852654815,590,0.02939334512,590,-0.4813590646,
591,0.5898258686,591,0.4041733742,591,0.1856524944,591,0.03134647012,591,-0.4825822711,
592,0.5908299685,592,0.4049861431,592,0.1858438253,592,0.03378787637,592,-0.4820930064,
593,0.5918343663,593,0.4084547162,593,0.1833796501,593,0.04355350137,593,-0.4732859731,
594,0.5928385258,594,0.4094802737,594,0.183358252,594,0.04672732949,594,-0.4742645323,
595,0.5938427448,595,0.4104448557,595,0.1833978891,595,0.04965701699,595,-0.4745091796,
596,0.5948470831,596,0.4113532305,596,0.1834938526,596,0.05234256387,596,-0.4740198851,
597,0.5958516002,597,0.4096830487,597,0.1861685514,597,0.04794803262,597,-0.4803805351,
598,0.5968558788,598,0.4111232758,598,0.1857326031,598,0.05234256387,598,-0.4803805351,
599,0.5978602767,599,0.4120634794,599,0.1857967973,599,0.05527225137,599,-0.4808697999,
600,0.5988644958,600,0.4128893614,600,0.1859751344,600,0.05771365762,600,-0.4801358879,
601,0.5998690128,601,0.4137166739,601,0.186152339,601,0.06015506387,601,-0.4794019759,
602,0.6008734703,602,0.4150823951,602,0.1857910752,602,0.06430545449,602,-0.4791573286,
603,0.6018778682,603,0.4161282778,603,0.1857495904,603,0.06747928262,603,-0.4789126813,
604,0.6028824449,604,0.4167643189,604,0.1861181259,604,0.06943240762,604,-0.4789126813,
605,0.6038870215,605,0.4176301956,605,0.1862568259,605,0.07187381387,605,-0.4774448574,
606,0.604891479,606,0.4190606475,606,0.1858308315,606,0.07626834512,606,-0.4774448574,
607,0.6058960557,607,0.4199988842,607,0.1858971715,607,0.07919803262,607,-0.4776895046,
608,0.6069006324,608,0.4207378626,608,0.1861627698,608,0.08139529824,608,-0.4772002101,
609,0.6079053283,609,0.4216772914,609,0.1862280369,609,0.08408084512,609,-0.4759770036,
610,0.6089099646,610,0.4231293797,610,0.1857805848,610,0.08847537637,610,-0.4754877388,
611,0.6099147201,611,0.4241549373,611,0.1857597828,611,0.09164920449,611,-0.4754877388,
612,0.6109194756,612,0.4251778722,612,0.1857416034,612,0.09457889199,612,-0.4742645323,
613,0.6119245291,613,0.4258092642,613,0.1861152649,613,0.09628787637,613,-0.4730413556,
614,0.6129294634,614,0.4270858765,614,0.1858435869,614,0.1001941264,614,-0.4727967083,
615,0.6139343381,615,0.4280114174,615,0.1859229207,615,0.1031238139,615,-0.4730413556,
616,0.6149393916,616,0.4287164211,616,0.1862229705,616,0.1053210795,616,-0.4730413556,
617,0.6159445047,617,0.4295450449,617,0.1863994598,617,0.1075183451,617,-0.4713288546,
618,0.6169497967,618,0.4309303164,618,0.1860194802,618,0.1116687357,618,-0.4705949426,
619,0.6179553866,619,0.4321786165,619,0.1857767701,619,0.1155749857,619,-0.4705949426,
620,0.6189611554,620,0.432762146,620,0.1861990094,620,0.1172839701,620,-0.4701056778,
621,0.6199672222,621,0.433580637,621,0.1863865852,621,0.1194812357,621,-0.4686378241,
622,0.6209732294,622,0.4350199103,622,0.1859533191,622,0.123875767,622,-0.4681485593,
623,0.6219789386,623,0.4360686541,623,0.1859102845,623,0.1270495951,623,-0.4676592946,
624,0.6229845285,624,0.4368628263,624,0.1861217022,624,0.1294910014,624,-0.4674146473,
625,0.6239902377,625,0.4374994636,625,0.1864907742,625,0.1309558451,625,-0.4654575288,
626,0.6249957085,626,0.4390873909,626,0.1859083176,626,0.1358386576,626,-0.4649682343,
627,0.6260014176,627,0.439978838,627,0.1860225797,627,0.1385242045,627,-0.4644789696,
628,0.6270071864,628,0.4418249726,628,0.1851822138,628,0.1436511576,628,-0.4620325863,
629,0.6280127764,629,0.4417192936,629,0.1862934828,629,0.1431628764,629,-0.4615432918,
630,0.6290184855,630,0.4430459738,630,0.1859725118,630,0.147313267,630,-0.4612986445,
631,0.6300243735,631,0.444062531,631,0.1859618425,631,0.1504870951,631,-0.4610540271,
632,0.6310301423,632,0.4447722435,632,0.1862578988,632,0.1526843607,632,-0.4608093798,
633,0.6320360899,633,0.4456343055,633,0.1864017844,633,0.1548816264,633,-0.4590969086,
634,0.6330420971,634,0.4471561313,634,0.1858859658,634,0.1592761576,634,-0.4576290846,
635,0.6340481043,635,0.4481436014,635,0.1859045029,635,0.1622058451,635,-0.4568951428,
636,0.6350542903,636,0.4487318993,636,0.186322391,636,0.1636706889,636,-0.4556719661,
637,0.6360604763,637,0.4495555758,637,0.1865049005,637,0.1656238139,637,-0.4537148476,
638,0.6370664239,638,0.4512033463,638,0.1858630776,638,0.1705066264,638,-0.452491641,
639,0.6380726099,639,0.4520288706,639,0.1860437393,639,0.1731921732,639,-0.452491641,
640,0.6390786767,640,0.452788949,640,0.1862897277,640,0.1753894389,640,-0.4517577291,
641,0.6400846243,641,0.4537413716,641,0.1863432527,641,0.1778308451,641,-0.4500452578,
642,0.6410908103,642,0.455231905,642,0.1858589053,642,0.1822253764,642,-0.4488220513,
643,0.6420969963,643,0.4568861127,643,0.1852108836,643,0.1868640482,643,-0.4468649328,
644,0.6431033015,644,0.4576984644,644,0.1854048371,644,0.1895495951,644,-0.4468649328,
645,0.6441096663,645,0.4577485323,645,0.1863611341,645,0.1885730326,645,-0.4441739023,
646,0.645115912,646,0.4593214989,646,0.1857944131,646,0.1934558451,646,-0.4434399903,
647,0.6461223364,647,0.46041435,647,0.1857079864,647,0.1968738139,647,-0.4429507256,
648,0.6471286416,648,0.4609115124,648,0.1862171292,648,0.198094517,648,-0.4419721663,
649,0.648135066,649,0.4619415998,649,0.1861934662,649,0.2005359232,649,-0.4397704005,
650,0.6491416693,650,0.4633164406,650,0.1858252287,650,0.2046863139,650,-0.4387918413,
651,0.6501481533,651,0.4642555714,651,0.1858925819,651,0.2076160014,651,-0.4383025765,
652,0.6511546969,652,0.4650042057,652,0.1861504912,652,0.2093249857,652,-0.4365901053,
653,0.6521614194,653,0.4658628702,653,0.1862985492,653,0.2112781107,653,-0.4346329868,
654,0.6531682014,654,0.4672304392,654,0.1859377623,654,0.2154285014,654,-0.4336544275,
655,0.6541749835,655,0.468413353,655,0.1857616305,655,0.2190906107,655,-0.4329205155,
656,0.6551818252,656,0.4689888954,656,0.1861929297,656,0.2203113139,656,-0.4314526618,
657,0.6561886072,657,0.470071137,657,0.1861174703,657,0.2227527201,657,-0.4290062785,
658,0.6571954489,658,0.4713585377,658,0.1858369112,658,0.2266589701,658,-0.4280277193,
659,0.6582024097,659,0.4724292755,659,0.1857731342,659,0.2298327982,659,-0.42704916,
660,0.6592094302,660,0.4735990763,660,0.1856103539,660,0.2334949076,660,-0.426315248,
661,0.6602162123,661,0.4740706682,661,0.1861455441,661,0.233250767,661,-0.4228903055,
662,0.6612230539,662,0.4756397009,662,0.185583353,662,0.2378894389,662,-0.4214224517,
663,0.662230134,663,0.4764863849,663,0.1857437491,663,0.2405749857,663,-0.420933187,
664,0.6632370949,664,0.4771143794,664,0.1861227155,664,0.2417956889,664,-0.4192207158,
665,0.6642440557,665,0.4782546163,665,0.1859894395,665,0.2442370951,665,-0.4165296853,
666,0.665250957,666,0.4796356559,666,0.1856153011,666,0.2483874857,666,-0.4153064787,
667,0.6662580371,667,0.4803789854,667,0.1858790517,667,0.2505847514,667,-0.4145725667,
668,0.6672648787,668,0.4810143113,668,0.1862505674,668,0.2518054545,668,-0.4128600955,
669,0.6682718992,669,0.4821897745,669,0.1860821247,669,0.2544910014,669,-0.4104136825,
670,0.6692789793,670,0.4837648273,670,0.1855141521,670,0.2593738139,670,-0.4091905057,
671,0.6702859998,671,0.4847242832,671,0.1855617166,671,0.2620593607,671,-0.4079672992,
672,0.6712929606,672,0.4851640463,672,0.1861289144,672,0.262547642,672,-0.406254828,
673,0.6722998619,673,0.4863444567,673,0.1859554052,673,0.2652331889,673,-0.4038084149,
674,0.6733068824,674,0.4879058599,674,0.1854010224,674,0.2696277201,674,-0.4018513262,
675,0.6743138433,675,0.4888173342,675,0.1854965091,675,0.272313267,675,-0.400872767,
676,0.6753209233,676,0.489569366,676,0.1857515574,676,0.2747546732,676,-0.4003834724,
677,0.6763279438,677,0.4906107187,677,0.1857172251,677,0.2757312357,677,-0.396224618,
678,0.6773348451,678,0.4920448065,678,0.1852900386,678,0.2803699076,678,-0.3952460587,
679,0.6783419251,679,0.4929121733,679,0.1854297519,679,0.2825671732,679,-0.3937782049,
680,0.6793487072,680,0.4934364557,680,0.1859122515,680,0.2832995951,680,-0.3920657635,
681,0.6803558469,681,0.4945602417,681,0.1857956052,681,0.2857410014,681,-0.3896193504,
682,0.6813631058,682,0.4960412383,682,0.1853218675,682,0.289891392,682,-0.3876622319,
683,0.6823702455,683,0.4969394803,683,0.1854307652,683,0.2925769389,683,-0.3866837025,
684,0.6833773255,684,0.4975050688,684,0.1858722568,684,0.2930652201,684,-0.3844819367,
685,0.6843842268,685,0.4985699058,685,0.185814321,685,0.2952624857,685,-0.3820355535,
686,0.6853914857,686,0.5001201034,686,0.1852713823,686,0.2999011576,686,-0.3803230524,
687,0.6863991022,687,0.5009226203,687,0.1854764819,687,0.3018542826,687,-0.3788552284,
688,0.6874065995,688,0.5015633106,688,0.1858432889,688,0.3025867045,688,-0.3766534925,
689,0.6884139776,689,0.5029225349,689,0.1854914427,689,0.305516392,689,-0.3737178147,
690,0.6894213557,690,0.5042841434,690,0.1851372123,690,0.3096667826,690,-0.3722499609,
691,0.6904289722,691,0.5052087307,691,0.1852202415,691,0.3121081889,691,-0.3707821369,
692,0.6914366484,692,0.5086138248,692,0.1828228235,692,0.3196765482,692,-0.3636875749,
693,0.6924444437,693,0.508456707,693,0.1839877367,693,0.3179675639,693,-0.3624643981,
694,0.6934518814,694,0.5113914013,694,0.1820604801,694,0.3255359232,694,-0.3575716019,
695,0.6944593787,695,0.5123097301,695,0.1821496487,695,0.3279773295,695,-0.3561037779,
696,0.6954669356,696,0.5128017664,696,0.1826651692,696,0.3279773295,696,-0.3539020419,
697,0.696474731,697,0.5140584707,697,0.1824162602,697,0.330907017,697,-0.3514556289,
698,0.6974824667,698,0.5123687387,698,0.185113728,698,0.3282214701,698,-0.3561037779,
699,0.6984899044,699,0.513335526,699,0.1851543784,699,0.3304187357,699,-0.3541466594,
700,0.6994974017,700,0.5138996243,700,0.1855977774,700,0.3313952982,700,-0.3526788354,
701,0.7005049586,701,0.5152026415,701,0.1853023171,701,0.3338367045,701,-0.3494985104,
702,0.7015128136,702,0.5165743232,702,0.1849384904,702,0.3377429545,702,-0.3475413918,
703,0.7025203705,703,0.5174831748,703,0.1850371957,703,0.3399402201,703,-0.3458289504,
704,0.7035281062,704,0.518048048,704,0.1854800582,704,0.3399402201,704,-0.3433825374,
705,0.7045354247,705,0.519243598,705,0.1852918267,705,0.3423816264,705,-0.3406915069,
706,0.7055430412,706,0.520660758,706,0.1848822832,706,0.346532017,706,-0.3387343884,
707,0.7065505981,707,0.5216244459,707,0.1849261522,707,0.3487292826,707,-0.3367772698,
708,0.7075580955,708,0.5219138265,708,0.185644269,708,0.3487292826,708,-0.3355540633,
709,0.7085655332,709,0.5265919566,709,0.1819735765,709,0.3577624857,709,-0.3245453238,
710,0.7095728517,710,0.527756691,710,0.1818161607,710,0.3614245951,710,-0.3230774701,
711,0.7105801105,711,0.5263370872,711,0.1842430234,711,0.3584949076,711,-0.3262577653,
712,0.711587429,712,0.5262939334,712,0.1852934957,712,0.3577624857,712,-0.3257685304,
713,0.7125946283,713,0.5275616646,713,0.1850329638,713,0.3597156107,713,-0.3223435581,
714,0.7136017084,714,0.531960547,714,0.1816411614,714,0.369969517,714,-0.3135365248,
715,0.7146086693,715,0.5327416062,715,0.181867063,715,0.371922642,715,-0.3120687008,
716,0.7156156301,716,0.5333579183,716,0.1822577119,716,0.371922642,716,-0.3096223176,
717,0.716622591,717,0.531483531,717,0.18513906,717,0.368016392,717,-0.3137812018,
718,0.7176295519,718,0.5330390334,718,0.1845905185,718,0.3721667826,718,-0.3110901713,
719,0.7186363935,719,0.5369464755,719,0.181689918,719,0.3802234232,719,-0.302283138,
720,0.7196432948,720,0.5378015041,720,0.1818417907,720,0.3807117045,720,-0.2993474603,
721,0.7206500173,721,0.5388792753,721,0.1817707419,721,0.3829089701,721,-0.296901077,
722,0.7216569185,722,0.5402321815,722,0.181424737,722,0.3868152201,722,-0.2946993113,
723,0.7226638794,723,0.5409841537,723,0.1816797256,723,0.3880359232,723,-0.2927421927,
724,0.7236707807,724,0.5413846374,724,0.1822861433,724,0.3877917826,724,-0.2910297513,
725,0.7246778011,725,0.5430542231,725,0.1816235781,725,0.3907214701,725,-0.286870867,
726,0.7256847024,726,0.5442037582,726,0.1814809442,726,0.3936511576,726,-0.2846691012,
727,0.7266916037,727,0.5451438427,727,0.181547761,727,0.3958484232,727,-0.2827119827,
728,0.7276988029,728,0.5461324453,728,0.1815663576,728,0.3965808451,728,-0.2795316875,
729,0.7287057042,729,0.5469996929,729,0.1817060113,729,0.3980456889,729,-0.2773299217,
730,0.7297127247,730,0.5482503176,730,0.1814624071,730,0.401219517,730,-0.2748835385,
731,0.7307196259,731,0.549205184,731,0.181514442,731,0.403172642,731,-0.2726817727,
732,0.7317265868,732,0.5496919155,732,0.1820346713,732,0.4029285014,732,-0.2707246542,
733,0.7327336669,733,0.5510030985,733,0.1817305684,733,0.4053699076,733,-0.267544359,
734,0.7337406278,734,0.5522652864,734,0.1814753413,734,0.4082995951,734,-0.2648533285,
735,0.734747529,735,0.5534182191,735,0.1813293099,735,0.4102527201,735,-0.2619176507,
736,0.7357544303,736,0.5547741055,736,0.1809803247,736,0.4122058451,736,-0.2582480907,
737,0.7367613912,737,0.5551817417,737,0.1815796494,737,0.4122058451,737,-0.256780237,
738,0.7377681732,738,0.5565184355,738,0.1812497377,738,0.4156238139,738,-0.2540892065,
739,0.7387750745,739,0.5573816299,739,0.1813934445,739,0.4170886576,739,-0.2518874407,
740,0.7397820354,740,0.5576692224,740,0.182112813,740,0.4163562357,740,-0.2504196167,
741,0.740788877,741,0.5592894554,741,0.1814994216,741,0.4190417826,741,-0.2462607473,
742,0.7417956591,742,0.5604337454,742,0.1813619137,742,0.4222156107,742,-0.2440589964,
743,0.7428025603,743,0.5614728928,743,0.1813296676,743,0.4239245951,743,-0.2413679659,
744,0.7438092232,744,0.5628986359,744,0.1809105873,744,0.4258777201,744,-0.2374537289,
745,0.7448160052,745,0.5631626844,745,0.1816533208,745,0.4249011576,745,-0.2359859049,
746,0.7458225489,746,0.5614745021,746,0.1843480468,746,0.4222156107,746,-0.2403894067,
747,0.7468290329,747,0.5626960993,747,0.1841329336,747,0.4241687357,747,-0.2372090816,
748,0.7478355765,748,0.5661350489,748,0.1817005277,748,0.4290515482,748,-0.2279128134,
749,0.7488421202,749,0.5672497749,749,0.1815923452,749,0.4312488139,749,-0.2252217829,
750,0.7498486042,750,0.5685776472,750,0.181270957,750,0.434422642,750,-0.2222861052,
751,0.7508548498,751,0.5695763826,751,0.1812784672,751,0.4358874857,751,-0.2195950747,
752,0.7518610358,752,0.5714277029,752,0.1804333329,752,0.4393054545,752,-0.2149469256,
753,0.7528672814,753,0.5714344978,753,0.1814327836,753,0.4373523295,753,-0.2139683664,
754,0.7538734674,754,0.572676301,754,0.1811971664,754,0.4405261576,754,-0.2112773359,
755,0.7548797131,755,0.5736387372,755,0.1812409759,755,0.4417468607,755,-0.2085863054,
756,0.7558858991,756,0.5739792585,756,0.1819066405,756,0.4400378764,756,-0.2066291869,
757,0.7568919063,757,0.575543642,757,0.1813482642,757,0.4429675639,757,-0.2027149498,
758,0.7578979731,758,0.5767050385,758,0.1811929345,758,0.4456531107,758,-0.2000239193,
759,0.7589040995,759,0.5776591301,759,0.1812449694,759,0.4473620951,759,-0.1975775361,
760,0.7599102855,760,0.5795916319,760,0.1803186536,760,0.4510242045,760,-0.1926847398,
761,0.7609165907,761,0.579436183,761,0.1814804077,761,0.448094517,761,-0.1919508278,
762,0.7619229555,762,0.5807206035,762,0.181202352,762,0.4512683451,762,-0.1890151501,
763,0.7629291415,763,0.5817416906,763,0.1811874509,763,0.4529773295,763,-0.1863241196,
764,0.7639351487,764,0.5823283792,764,0.1816067696,764,0.4517566264,764,-0.1838777363,
765,0.7649410963,765,0.5804595947,765,0.1844815016,765,0.4468738139,765,-0.1880365908,
766,0.7659471631,766,0.5817908049,766,0.1841563582,766,0.4498035014,766,-0.1848562956,
767,0.7669530511,767,0.5825786591,767,0.184374392,767,0.4507800639,767,-0.1826545298,
768,0.7679588199,768,0.5887667537,768,0.1791920662,768,0.4644519389,768,-0.1674869061,
769,0.7689645886,769,0.587465167,769,0.1814994216,769,0.4581042826,769,-0.1694440246,
770,0.769970119,770,0.588737011,770,0.181233108,770,0.4607898295,770,-0.1662636995,
771,0.7709758282,771,0.5895920992,771,0.181383729,771,0.461766392,771,-0.1638173163,
772,0.7719813585,772,0.5899811387,772,0.1820002198,772,0.459813267,772,-0.1618601978,
773,0.7729867101,773,0.5913470387,773,0.1816396713,773,0.4620105326,773,-0.158190608,
774,0.7739920616,774,0.5926573873,774,0.1813346744,774,0.4651843607,774,-0.1550103128,
775,0.7749979496,775,0.5935106277,775,0.1814873219,775,0.4661609232,775,-0.1525638998,
776,0.7760037184,776,0.5950562954,776,0.180947423,776,0.469578892,776,-0.1486496925,
777,0.7770093083,777,0.5952519774,777,0.1817573309,777,0.4661609232,777,-0.1469372213,
778,0.7780147791,778,0.5969933271,778,0.181021452,778,0.4700671732,778,-0.1425336897,
779,0.7790199518,779,0.5973956585,779,0.1816242933,779,0.4703113139,779,-0.141310513,
780,0.7800252438,780,0.5981199145,780,0.1819053292,780,0.4690906107,780,-0.1386194825,
781,0.7810305953,781,0.5991477966,781,0.1818827987,781,0.4703113139,781,-0.1356838048,
782,0.7820360065,782,0.6002050638,782,0.1818309426,782,0.4727527201,782,-0.1329927742,
783,0.7830412984,783,0.6012271643,783,0.1818141341,783,0.4739734232,783,-0.1300570965,
784,0.7840464711,784,0.6022884846,784,0.1817579865,784,0.4756824076,784,-0.1271214187,
785,0.7850515842,785,0.602969408,785,0.1820821762,785,0.4737292826,785,-0.1244303882,
786,0.7860565782,786,0.6042044163,786,0.1818521619,786,0.4756824076,786,-0.1210054457,
787,0.7870616317,787,0.603585124,787,0.1834765077,787,0.4737292826,787,-0.1224732697,
788,0.7880666256,788,0.6054965258,788,0.1825700998,788,0.4744617045,788,-0.116601944,
789,0.7890716195,789,0.6069203615,789,0.182151258,789,0.4769031107,789,-0.1126877069,
790,0.7900765538,790,0.6080863476,790,0.1819902062,790,0.4791003764,790,-0.1095074117,
791,0.7910814881,791,0.6087911725,791,0.1822903156,791,0.4803210795,791,-0.1075502932,
792,0.792086482,792,0.6076228619,792,0.1844636202,792,0.4759265482,792,-0.1102413237,
793,0.7930912375,793,0.6080670357,793,0.1850242019,793,0.473485142,793,-0.1082842052,
794,0.7940960526,794,0.6093351841,794,0.1847608685,794,0.4759265482,794,-0.1048592627,
795,0.7951010466,795,0.6101498008,795,0.1849512458,795,0.4764148295,795,-0.1024128497,
796,0.7961059809,796,0.6111177802,796,0.1849882007,796,0.4756824076,796,-0.09923255444,
797,0.7971109748,797,0.6118710041,797,0.1852399707,797,0.4751941264,797,-0.0967861712,
798,0.7981159687,798,0.6133154035,798,0.1848005652,798,0.4781238139,798,-0.09287193418,
799,0.799120903,799,0.6141601205,799,0.1849607825,799,0.4791003764,799,-0.09042555094,
800,0.8001258373,800,0.6174690723,800,0.182656765,800,0.4864245951,800,-0.08137390018,
801,0.8011308908,801,0.6183692217,801,0.1827616692,801,0.4842273295,801,-0.07819357514,
802,0.8021360636,802,0.6195639968,802,0.1825720668,802,0.4861804545,802,-0.07476863265,
803,0.8031412959,803,0.6203817725,803,0.1827595234,803,0.4869128764,803,-0.07232221961,
804,0.8041463494,804,0.6208945513,804,0.1832517982,804,0.4844714701,804,-0.0703651309,
805,0.8051514626,805,0.6223878264,805,0.1827636361,805,0.4861804545,805,-0.06596159935,
806,0.8061566353,806,0.6235220432,806,0.1826345921,806,0.4888660014,806,-0.06278130412,
807,0.8071617484,807,0.6243941188,807,0.1827676296,807,0.489110142,807,-0.06009027362,
808,0.8081669807,808,0.6253906488,808,0.1827763319,808,0.4905749857,808,-0.05715459585,
809,0.8091722131,809,0.6262527704,809,0.1829194427,809,0.4883777201,809,-0.05421891809,
810,0.810177207,810,0.6274918318,810,0.1826853752,810,0.4900867045,810,-0.05054932833,
811,0.8111823797,811,0.6283800006,811,0.1828023791,811,0.4908191264,811,-0.04785829782,
812,0.8121874928,812,0.6298094988,812,0.1823779941,812,0.4913074076,812,-0.04345479608,
813,0.8131924868,813,0.6300833225,813,0.1831091642,813,0.4898425639,813,-0.04247623682,
814,0.8141974807,814,0.6313171387,814,0.182880342,814,0.4917956889,814,-0.03880664706,
815,0.8152024746,815,0.6298726797,815,0.1853297949,815,0.485203892,815,-0.04272088408,
816,0.8162072897,816,0.6308287382,816,0.1853785515,816,0.485203892,816,-0.03978520632,
817,0.8172121048,817,0.6319214106,817,0.1852906942,817,0.4842273295,817,-0.03636026382,
818,0.8182169199,818,0.6330900192,818,0.1851269007,818,0.4864245951,818,-0.03293532133,
819,0.8192218542,819,0.6338022947,819,0.1854195595,819,0.4861804545,819,-0.03073355556,
820,0.8202266097,820,0.6343836784,820,0.1858429313,820,0.483250767,820,-0.02877643704,
821,0.821231246,821,0.6358537674,821,0.1853774786,821,0.4847156107,821,-0.0243729353,
822,0.8222359419,822,0.6371631622,822,0.1850727797,822,0.4866687357,822,-0.02045869827,
823,0.8232405782,823,0.6379678249,823,0.1852727532,823,0.487157017,823,-0.01801231503,
824,0.8242450953,824,0.6387610435,824,0.1854840517,824,0.4866687357,824,-0.0155659318,
825,0.8252496719,825,0.6398681998,825,0.1853814721,825,0.485203892,825,-0.0121409893,
826,0.8262543082,826,0.6410040259,826,0.1852502823,826,0.4874011576,826,-0.008716017008,
827,0.8272587061,827,0.6419605017,827,0.1852982044,827,0.4869128764,827,-0.005780369043,
828,0.8282630444,828,0.6434810162,828,0.1847820282,828,0.4886218607,828,-0.00113222003,
829,0.8292674422,829,0.643879652,829,0.1853877902,829,0.4854480326,829,9.098649025e-05,
830,0.8302717805,830,0.6450790167,830,0.1851927638,830,0.4869128764,830,0.003760576248,
831,0.8312761784,831,0.6458785534,831,0.185397625,831,0.4869128764,831,0.006206959486,
832,0.832280457,832,0.6466050148,832,0.1856754422,832,0.4856921732,832,0.008408725262,
833,0.8332847953,833,0.6478910446,833,0.1853937507,833,0.485203892,833,0.01232293248,
834,0.8342892528,834,0.6489155889,834,0.1853736639,834,0.4869128764,834,0.01550325751,
835,0.8352936506,835,0.6498830318,835,0.1854106188,835,0.4861804545,835,0.01843890548,
836,0.8362981081,836,0.6504893899,836,0.1858087182,836,0.4827624857,836,0.02015140653,
837,0.8373026252,837,0.651905477,837,0.1853971481,837,0.4847156107,837,0.02455493808,
838,0.838307023,838,0.6529945731,838,0.1853124499,838,0.4864245951,838,0.02797988057,
839,0.8393115401,839,0.6538718939,839,0.1854396462,839,0.4864245951,839,0.03067091107,
840,0.8403159976,840,0.6547868252,840,0.1855291724,840,0.4847156107,840,0.03336194158,
841,0.8413205743,841,0.6559237242,841,0.1853968501,841,0.4839831889,841,0.03678688407,
842,0.8423253298,842,0.6570098996,842,0.1853154302,842,0.485203892,842,0.04021182656,
843,0.8433299065,843,0.6579799652,843,0.1853499413,843,0.4847156107,843,0.04314747453,
844,0.8443344831,844,0.6593589187,844,0.1849755645,844,0.4864245951,844,0.04755100608,
845,0.8453391194,845,0.6599549055,845,0.1853842139,845,0.4827624857,845,0.04901883006,
846,0.8463437557,846,0.6610286236,846,0.1853151321,846,0.4839831889,846,0.05244377255,
847,0.8473484516,847,0.6618413329,847,0.1855071187,847,0.4834949076,847,0.05489018559,
848,0.8483530879,848,0.662641108,848,0.1857119799,848,0.481297642,848,0.05709192157,
849,0.8493578434,849,0.663995862,849,0.1853619814,849,0.481297642,849,0.06125077605,
850,0.8503625989,850,0.6650350094,850,0.1853275895,850,0.4830066264,850,0.06467577815,
851,0.851367116,851,0.6659828424,851,0.1853842735,851,0.481297642,851,0.06736680865,
852,0.8523718715,852,0.6666066647,852,0.1857652068,852,0.4781238139,852,0.06883463264,
853,0.8533766866,853,0.6680352688,853,0.1853414178,853,0.4798327982,853,0.07348278165,
854,0.8543814421,854,0.6691851616,854,0.1851962805,854,0.4805652201,854,0.0771523416,
855,0.8553860784,855,0.6699476242,855,0.1854384542,855,0.4795886576,855,0.07935407758,
856,0.8563908339,856,0.6707522869,856,0.1856385469,856,0.4778796732,856,0.08155587316,
857,0.8573955297,857,0.672124505,857,0.1852710247,857,0.477391392,857,0.08571472764,
858,0.858400166,858,0.673156023,858,0.185244143,858,0.4786120951,858,0.08913967013,
859,0.8594048619,859,0.6741255522,859,0.1852793097,859,0.4769031107,859,0.09183070064,
860,0.8604094982,860,0.6754299402,860,0.184979558,860,0.4786120951,860,0.09623423219,
861,0.8614142537,861,0.6760122776,861,0.1854019761,861,0.4756824076,861,0.09745743871,
862,0.8624188304,862,0.6770608425,862,0.1853579879,862,0.4764148295,862,0.1008823812,
863,0.8634235263,863,0.678134501,863,0.1852890253,863,0.4744617045,863,0.1038180292,
864,0.8644281626,864,0.6787431836,864,0.185684979,864,0.4725085795,864,0.1052858531,
865,0.8654328585,865,0.6801534295,865,0.185279429,865,0.4725085795,865,0.1096893847,
866,0.8664375544,866,0.6811905503,866,0.185247004,866,0.4732410014,866,0.1131143272,
867,0.8674421906,867,0.6821596026,867,0.185282588,867,0.4717761576,867,0.1158053577,
868,0.8684467673,868,0.6829959154,868,0.1854508519,868,0.4681140482,868,0.1175178587,
869,0.8694514632,869,0.6842800379,869,0.1851714253,869,0.469578892,869,0.1219213307,
870,0.8704560995,870,0.6853244305,870,0.185131669,870,0.4700671732,870,0.1253462732,
871,0.8714607954,871,0.6862226725,871,0.1852381229,871,0.4686023295,871,0.1277926862,
872,0.8724656105,872,0.6870334148,872,0.1854321957,872,0.4664050639,872,0.1297498047,
873,0.8734703064,873,0.6883696914,873,0.185100615,873,0.4661609232,873,0.1339086592,
874,0.8744751215,874,0.68934834,874,0.1851267815,874,0.4664050639,874,0.1370889843,
875,0.8754801154,875,0.690253377,875,0.1852267385,875,0.4649402201,875,0.1395353377,
876,0.8764851093,876,0.6914325953,876,0.1850525141,876,0.4654285014,876,0.1434495747,
877,0.877489984,877,0.6923539042,877,0.1851360798,877,0.4622546732,877,0.1454066932,
878,0.8784947395,878,0.6935255527,878,0.1849691868,878,0.4620105326,878,0.1490763128,
879,0.8794996738,879,0.6943874359,879,0.1851122379,879,0.4610339701,879,0.1515226662,
880,0.8805045485,880,0.6952248812,880,0.1852796674,880,0.4581042826,880,0.1532351673,
881,0.8815095425,881,0.6964187026,881,0.1850908399,881,0.4583484232,881,0.1571494043,
882,0.882514596,882,0.6974539757,882,0.1850606203,882,0.4585925639,882,0.1605743468,
883,0.8835195899,883,0.6984454393,883,0.1850741506,883,0.4571277201,883,0.1632653773,
884,0.8845245838,884,0.6992869377,884,0.1852376461,884,0.4529773295,884,0.1644885838,
885,0.8855295777,885,0.7006127834,885,0.1849167943,885,0.453953892,885,0.1691367328,
886,0.8865346313,886,0.7016180754,886,0.1849165559,886,0.4537097514,886,0.1723169982,
887,0.8875393867,887,0.7026603222,887,0.1848790646,887,0.4524890482,887,0.1752527058,
888,0.8885442019,888,0.7034305334,888,0.1851136684,888,0.4498035014,888,0.1767205298,
889,0.889549017,889,0.7046267986,889,0.1849222183,889,0.4498035014,889,0.1806347668,
890,0.8905537724,890,0.7058157921,890,0.1847379804,890,0.4498035014,890,0.1845490038,
891,0.8915585279,891,0.7067087293,891,0.1848497987,891,0.4485827982,891,0.1869953573,
892,0.8925632834,892,0.7078347802,892,0.1847285032,892,0.4478503764,892,0.1904203594,
893,0.8935680985,893,0.708697021,893,0.1848710775,893,0.4451648295,893,0.1921328008,
894,0.8945730329,894,0.7096850872,894,0.1848879457,894,0.4449206889,894,0.1953131258,
895,0.8955776691,895,0.7108646631,895,0.184713006,895,0.4432117045,895,0.1984934509,
896,0.8965824246,896,0.7115529776,896,0.1850294471,896,0.440282017,896,0.1994719803,
897,0.8975870013,897,0.7130089402,897,0.1845780611,897,0.4397937357,897,0.2041201293,
898,0.8985915184,898,0.7139873505,898,0.1846041679,898,0.4395495951,898,0.2073004544,
899,0.8995960951,899,0.7151339054,899,0.1844621897,899,0.4380847514,899,0.2104807794,
900,0.900600791,900,0.7158722281,900,0.1847285628,900,0.4339343607,900,0.2109700143,
901,0.9016053081,901,0.7169235349,901,0.1846817732,901,0.4351550639,901,0.2151288688,
902,0.9026098847,902,0.7180349231,902,0.1845749617,902,0.4339343607,902,0.2183091938,
903,0.9036144614,903,0.7190020084,903,0.184612453,903,0.4327136576,903,0.2210002244,
904,0.9046191573,904,0.719907105,904,0.1847120523,904,0.4295398295,904,0.2224680483,
905,0.9056239128,905,0.7211210728,905,0.18450284,905,0.4290515482,905,0.2263822854,
906,0.9066283703,906,0.7221164703,906,0.1845118999,906,0.428563267,906,0.2295626104,
907,0.907633245,907,0.7231577039,907,0.1844755411,907,0.4268542826,907,0.2322536409,
908,0.9086380601,908,0.7241225243,908,0.1845155358,908,0.4256335795,908,0.2349446714,
909,0.9096428752,909,0.7252120376,909,0.1844308376,909,0.4231921732,909,0.2373910844,
910,0.9106476903,910,0.7262769341,910,0.1843707561,910,0.4222156107,910,0.2405714095,
911,0.9116526246,911,0.7273201346,911,0.18433249,911,0.4205066264,911,0.24326244,
912,0.9126574993,912,0.7280235291,912,0.1846339703,912,0.4170886576,912,0.2437516749,
913,0.9136624336,913,0.729339242,913,0.1843231916,913,0.4170886576,913,0.2483998239,
914,0.9146673083,914,0.7303144932,914,0.1843528152,914,0.4166003764,914,0.2515801489,
915,0.9156723022,915,0.7313874364,915,0.1842848659,915,0.4139148295,915,0.2537818849,
916,0.9166773558,916,0.7323096395,916,0.1843677163,916,0.4097644389,916,0.2545157969,
917,0.9176824689,917,0.7334096432,917,0.1842728257,917,0.4104968607,917,0.2589193285,
918,0.9186875224,918,0.7344232798,918,0.1842642426,918,0.4104968607,918,0.2625888884,
919,0.9196926355,919,0.7354171276,919,0.1842755079,919,0.4082995951,919,0.264790684,
920,0.9206976295,920,0.736453414,920,0.1842442155,920,0.4043933451,920,0.2660138905,
921,0.9217028022,921,0.7375682592,921,0.1841345429,921,0.4041492045,921,0.2699280679,
922,0.9227078557,922,0.73860991,922,0.1840979457,922,0.403172642,922,0.273108393,
923,0.92371279,923,0.7396304011,923,0.1840823889,923,0.401219517,923,0.275554806,
924,0.9247177243,924,0.7404597998,924,0.1842579246,924,0.3985339701,924,0.2767780125,
925,0.925722599,925,0.7417083383,925,0.1840142608,925,0.3960925639,925,0.2797136605,
926,0.9267274737,926,0.7426692843,926,0.1840581894,926,0.3958484232,926,0.283138603,
927,0.927732408,927,0.7437387705,927,0.1839936376,927,0.3936511576,927,0.285585016,
928,0.9287372828,928,0.7446069121,928,0.1841303706,928,0.389500767,928,0.2858296335,
929,0.9297420979,929,0.745705843,929,0.1840362549,929,0.389500767,929,0.289988488,
930,0.9307469726,930,0.7468102574,930,0.1839367151,930,0.3887683451,930,0.2936581075,
931,0.9317518473,931,0.7477390766,931,0.1840127707,931,0.3863269389,931,0.295370549,
932,0.9327567816,932,0.7488100529,932,0.1839467287,932,0.3819324076,932,0.2961045206,
933,0.9337615371,933,0.7498238087,933,0.1839377284,933,0.3819324076,933,0.300018698,
934,0.9347659945,934,0.7509266734,934,0.1838393211,934,0.3814441264,934,0.303932935,
935,0.9357706904,935,0.7518618107,935,0.1839088798,935,0.3790027201,935,0.305645436,
936,0.9367752671,936,0.75289464,936,0.1838806272,936,0.3746081889,936,0.3061347306,
937,0.9377797842,937,0.7540396452,937,0.183740139,937,0.373875767,937,0.310048908,
938,0.9387842417,938,0.7550120354,938,0.1837722063,938,0.3736316264,938,0.3137185276,
939,0.9397885799,939,0.7560660243,939,0.1837225556,939,0.3709460795,939,0.3156756461,
940,0.9407928586,940,0.7571149468,940,0.1836779118,940,0.368016392,940,0.3173880875,
941,0.9417971969,941,0.7578608394,941,0.1839363575,941,0.3667956889,941,0.319345206,
942,0.9428013563,942,0.7591906786,942,0.1836106777,942,0.3650867045,942,0.323259443,
943,0.943805635,943,0.7602044344,943,0.1836012006,943,0.3628894389,943,0.325461179,
944,0.9448100924,944,0.7611093521,944,0.1837007403,944,0.3584949076,944,0.3252165616,
945,0.9458146095,945,0.7622785568,945,0.1835360527,945,0.3577624857,945,0.329375416,
946,0.9468191266,946,0.7633162737,946,0.1835028529,946,0.3567859232,946,0.3328003585,
947,0.9478237033,947,0.7642691135,947,0.1835545897,947,0.354344517,947,0.3345128596,
948,0.9488282204,948,0.765258193,948,0.1835700274,948,0.3497058451,948,0.3342682421,
949,0.9498326182,949,0.7662433982,949,0.18358922,949,0.3499499857,949,0.3386717141,
950,0.9508370757,950,0.767321825,950,0.1835152507,950,0.3487292826,950,0.3420966566,
951,0.9518414736,951,0.7682776451,951,0.1835638285,951,0.3460437357,951,0.3435644805,
952,0.9528459907,952,0.7692376971,952,0.1836082935,952,0.3421374857,952,0.3438091576,
953,0.9538503289,953,0.7703099251,953,0.1835404038,953,0.3411609232,953,0.3474787176,
954,0.9548547268,954,0.7714307904,954,0.1834239364,954,0.3399402201,954,0.3511483371,
955,0.9558591247,955,0.772393167,955,0.1834659576,955,0.3372546732,955,0.3526161611,
956,0.9568634629,956,0.7736523747,956,0.1832110882,956,0.3331042826,956,0.3538393676,
957,0.9578678608,957,0.7744910121,957,0.1833768487,957,0.3318835795,957,0.3562857211,
958,0.9588721395,958,0.7755963206,958,0.1832758188,958,0.3306628764,958,0.3599553406,
959,0.9598764777,959,0.7765114307,959,0.183365047,959,0.3279773295,959,0.3611785471,
960,0.960880816,960,0.7776327729,960,0.1832480431,960,0.3235827982,960,0.3614231646,
961,0.9618851542,961,0.778663218,961,0.1832219362,961,0.3228503764,961,0.3653374016,
962,0.9628894925,962,0.7795937061,962,0.1832957864,962,0.3216296732,962,0.3682730496,
963,0.9638938904,963,0.7806800604,963,0.18321383,963,0.3186999857,963,0.3699855506,
964,0.9648981094,964,0.7816767097,964,0.1832213998,964,0.3140613139,964,0.3692516387,
965,0.9659023881,965,0.7826582789,965,0.1832441092,965,0.3140613139,965,0.3738997877,
966,0.9669066668,966,0.7836977243,966,0.1832089424,966,0.3123523295,966,0.3768354356,
967,0.9679109454,967,0.7848604918,967,0.1830504537,967,0.3089343607,967,0.3783032596,
968,0.9689152241,968,0.7859256864,968,0.1829895377,968,0.3045398295,968,0.3780586421,
969,0.9699193239,969,0.7867256403,969,0.1831936836,969,0.3045398295,969,0.3819728792,
970,0.9709234238,970,0.7878302336,970,0.1830931902,970,0.3023425639,970,0.3846639097,
971,0.971927464,971,0.7888759375,971,0.1830515265,971,0.2994128764,971,0.3861317337,
972,0.9729314446,972,0.7900322676,972,0.1828991771,972,0.2955066264,972,0.3868656456,
973,0.9739353657,973,0.7908021212,973,0.1831332445,973,0.2947742045,973,0.3898013532,
974,0.9749391675,974,0.7917724252,974,0.1831667423,974,0.2930652201,974,0.3924923837,
975,0.9759431481,975,0.7929024696,975,0.1830406785,975,0.2896472514,975,0.3937155306,
976,0.9769470692,976,0.7940790057,976,0.1828680634,976,0.2850085795,976,0.3934709132,
977,0.9779508114,977,0.7947153449,977,0.1832354665,977,0.2852527201,977,0.3971405327,
978,0.9789546728,978,0.7958322167,978,0.1831224561,978,0.2832995951,978,0.4003207982,
979,0.9799584746,979,0.7967674732,979,0.1831910014,979,0.280125767,979,0.4008100927,
980,0.9809622765,980,0.7980526686,980,0.1829096079,980,0.2749988139,980,0.4003207982,
981,0.9819660783,981,0.7989951372,981,0.1829709411,981,0.2745105326,981,0.4047243297,
982,0.9829697013,982,0.8000104427,982,0.1829592586,982,0.2725574076,982,0.4074153602,
983,0.9839732647,983,0.8008915782,983,0.1830816865,983,0.2696277201,983,0.4079046547,
984,0.9849768877,984,0.8020471334,984,0.1829297543,984,0.2652331889,984,0.4076599777,
985,0.9859804511,985,0.8029842377,985,0.1829962134,985,0.264500767,985,0.4118188918,
986,0.9869840145,986,0.8039465547,986,0.1830374599,986,0.262547642,986,0.4142652452,
987,0.9879874587,987,0.8050556183,987,0.1829318404,987,0.2591296732,987,0.4152438343,
988,0.9889910221,988,0.8063154221,988,0.1826756001,988,0.254735142,988,0.4154884517,
989,0.9899945855,989,0.8069642782,989,0.1830303073,989,0.2544910014,989,0.4189133942,
990,0.9909980893,990,0.808052361,990,0.1829457283,990,0.2520495951,990,0.4213598073,
991,0.9920017123,991,0.809127748,991,0.1828739643,991,0.2486316264,991,0.4220937192,
992,0.9930053353,992,0.8101744056,992,0.1828309298,992,0.2444812357,992,0.4213598073,
993,0.9940088987,993,0.8111160398,993,0.182892859,993,0.2432605326,993,0.4250293672,
994,0.9950122237,994,0.8119218349,994,0.1830903888,994,0.2417956889,994,0.4274757802,
995,0.9960155487,995,0.8131439686,995,0.1828715801,995,0.2378894389,995,0.4282096922,
996,0.9970190525,996,0.8141743541,996,0.1828446984,996,0.2337390482,996,0.4272311628,
997,0.9980221987,997,0.8150629401,997,0.1829592586,997,0.2327624857,997,0.4311453402,
998,0.9990252852,998,0.8162103891,998,0.1828148961,998,0.2303210795,998,0.4340810478,
999,2.818534085e-05,999,0.8170878291,999,0.1829403639,999,0.227391392,999,0.4343256652,
